{"type": "FeatureCollection", "name": "PLATAFORMAS", "features": [{"type": "Feature", "properties": {"id": 1, "No": 1, "Nombre": "PLATAFORMA F", "Area": 118.1837}, "geometry": {"type": "MultiPolygon", "coordinates": [[[[-78.67498029569691, -1.6595818188784601], [-78.67476712360192, -1.659994323439016], [-78.6745116456796, -1.6601862892396655], [-78.6739970959819, -1.6596596101579697], [-78.6747165777414, -1.6589380908252458], [-78.67478579364018, -1.658869137936246], [-78.67472723390088, -1.6587946561523075], [-78.6745828494121, -1.6586892473078165], [-78.67350706733575, -1.6575239069668515], [-78.67220954424278, -1.656129894146298], [-78.67312914099145, -1.6547753093454347], [-78.67355788511685, -1.6539023106065178], [-78.67345227579102, -1.653768558704676], [-78.67440599988572, -1.6530123164836341], [-78.67547805552992, -1.6545294413024314], [-78.67682569526252, -1.6524664023882791], [-78.67665527725441, -1.6522385180618278], [-78.67671696854521, -1.652191799132929], [-78.68021328128808, -1.6500684215534416], [-78.68086151816505, -1.6495788668699454], [-78.68213990246184, -1.648826954169677], [-78.68272809940613, -1.6483602486015696], [-78.68320501444796, -1.648038514620351], [-78.68466064158868, -1.6471361221927818], [-78.6797332237579, -1.6461830146686371], [-78.67865446241487, -1.6459743493589112], [-78.67864397798759, -1.6459723212035462], [-78.6779050111048, -1.6458293825069288], [-78.67717265471411, -1.6456877224247515], [-78.67715719932048, -1.645684732030975], [-78.67368427626472, -1.6450129577206354], [-78.6711517525981, -1.6481659194590106], [-78.67100615771794, -1.6483441299138595], [-78.66991407992032, -1.6496808408966683], [-78.66891439752044, -1.6509233785376445], [-78.66761701986779, -1.6525227353133045], [-78.66829036637294, -1.6532735367997533], [-78.6693371145537, -1.6544730471072278], [-78.66979278916298, -1.6550404341312115], [-78.67026633504227, -1.655587572786938], [-78.67027306052613, -1.6555953431513903], [-78.67047311160826, -1.6558264841341777], [-78.67059133922012, -1.6559783828698205], [-78.67124715953368, -1.6566803341270955], [-78.67140332002273, -1.656852054067423], [-78.67153005638276, -1.6570086256934657], [-78.6712174603018, -1.6572565210767065], [-78.6713569819956, -1.657454724062125], [-78.67141945657903, -1.657687278146665], [-78.67148861721356, -1.6583001307403729], [-78.67151135184315, -1.6583704750072106], [-78.67182557971087, -1.6588945784117584], [-78.6725181010263, -1.6583510021091608], [-78.67255203852413, -1.6583936158225099], [-78.6742161379531, -1.660625911965992], [-78.67534115336801, -1.6597807552362942], [-78.67532829633306, -1.659735808828877], [-78.6750009048043, -1.6595555240269053], [-78.67498029569691, -1.6595818188784601]]]]}}, {"type": "Feature", "properties": {"id": 2, "No": 2, "Nombre": "PLATAFORMA C", "Area": 240.7954}, "geometry": {"type": "MultiPolygon", "coordinates": [[[[-78.6873641925666, -1.6477206772752233], [-78.68775033595314, -1.647792882169321], [-78.68792853214104, -1.6478469054212015], [-78.68801761989745, -1.6478828868119364], [-78.68817799011792, -1.6479368892346822], [-78.68827299860659, -1.6479908161983068], [-78.68867912119433, -1.6483086604633215], [-78.68939121141415, -1.6491274871059378], [-78.69024564374985, -1.6501760928786113], [-78.69060335581365, -1.6491622331343854], [-78.69240073454712, -1.6434710329973243], [-78.69240093271786, -1.6434713568032477], [-78.69306286303797, -1.6413753993845366], [-78.69306259005197, -1.6413753122847898], [-78.69310009497157, -1.641256553870275], [-78.69434500386568, -1.6373145900935215], [-78.69434548691973, -1.6373140120942689], [-78.6945712600038, -1.6365991042028911], [-78.69458285257582, -1.636561443015165], [-78.69441725663137, -1.63626907620872], [-78.69423962970279, -1.635716363345628], [-78.6939697188651, -1.6348047738275426], [-78.6936212266709, -1.6340222509940265], [-78.69354278480604, -1.6340293352808506], [-78.69321478226836, -1.634036132001569], [-78.69300094725854, -1.633971305786139], [-78.6928267233189, -1.633836221400202], [-78.69268623390857, -1.633996614266003], [-78.6919051130983, -1.6353446871665263], [-78.69158127020275, -1.6358705080820721], [-78.69140052708663, -1.6359659712045738], [-78.69121983778982, -1.6360135981322508], [-78.69107706786005, -1.6361569404786724], [-78.69092505296243, -1.6360706597300518], [-78.69081092458943, -1.6361087959232792], [-78.6907823049255, -1.6361948673835873], [-78.69037331423712, -1.636357035756042], [-78.69014513417152, -1.6363663390546541], [-78.68991676705033, -1.636538283464784], [-78.68985949474775, -1.6367391277117034], [-78.68985917703398, -1.6370165765861338], [-78.68986838883126, -1.63727490096071], [-78.68963055861221, -1.6374085657913044], [-78.68932617846872, -1.6375421533254415], [-78.68907902789327, -1.6375131650136574], [-78.68871809986446, -1.6372161633790276], [-78.68838092158457, -1.6369949794059158], [-78.68823134154674, -1.6368584732956726], [-78.68806053559503, -1.6365784351483392], [-78.68784703755182, -1.6362194179971852], [-78.68770470339183, -1.6359824652147308], [-78.68736275370281, -1.635716579433676], [-78.68694957546361, -1.6353860332525387], [-78.68656491023255, -1.6350626942616244], [-78.68626465930318, -1.6348054359624904], [-78.68631624908122, -1.6347313583023217], [-78.68566342131447, -1.6340489405017364], [-78.6854497876466, -1.6338095135232031], [-78.68499280325425, -1.633336605094134], [-78.68456195903629, -1.6328673150764847], [-78.68404674330795, -1.6323955345941334], [-78.6840396080408, -1.6324003101901754], [-78.68325387425772, -1.6316203737801755], [-78.68302238380315, -1.6314084329373857], [-78.68278069999204, -1.6311803849496342], [-78.68270242299448, -1.631466217780383], [-78.68228177194348, -1.6314370286616857], [-78.6819704453705, -1.6314127501235052], [-78.68153550855887, -1.6314050698737728], [-78.6812337226036, -1.631352100959965], [-78.68133548590419, -1.6326144229733148], [-78.68138472004787, -1.6332057288353543], [-78.68148313903448, -1.6344299580251653], [-78.68152031245047, -1.6348330215415179], [-78.68154928732385, -1.635472856730382], [-78.68156069709264, -1.6358854535228828], [-78.68152468142112, -1.6362023224660989], [-78.68151062994275, -1.636261995890213], [-78.68149998797463, -1.6363071879112883], [-78.68099444319675, -1.6360046760293174], [-78.6809139579109, -1.636178598378046], [-78.68077826032682, -1.6363721749417828], [-78.67925024106394, -1.63823598440347], [-78.67862644103238, -1.639004935239641], [-78.67862604521702, -1.6390054247337207], [-78.67818509978443, -1.6395489717021445], [-78.6780481636079, -1.6397161036864742], [-78.67602254019722, -1.6421883908282677], [-78.67601451695704, -1.642198183249654], [-78.67580145532085, -1.6424582255830724], [-78.67443953317047, -1.6441016156773316], [-78.67368427626472, -1.6450129577206354], [-78.67715719932048, -1.645684732030975], [-78.67717265471411, -1.6456877224247515], [-78.67864397798759, -1.6459723212035462], [-78.67865446241487, -1.6459743493589112], [-78.6797332237579, -1.6461830146686371], [-78.68466064158868, -1.6471361221927818], [-78.68535391433079, -1.6472859488837748], [-78.68641965941181, -1.6475162712011895], [-78.6873641925666, -1.6477206772752233]]]]}}, {"type": "Feature", "properties": {"id": 3, "No": 3, "Nombre": "PLATAFORMA H", "Area": 163.6504}, "geometry": {"type": "MultiPolygon", "coordinates": [[[[-78.67498282224342, -1.6616588259977032], [-78.67515882858534, -1.661566462928298], [-78.6751787702835, -1.6603525525678644], [-78.67515132797081, -1.660212655216484], [-78.67534115336801, -1.6597807552362942], [-78.6742161379531, -1.660625911965992], [-78.67255203852413, -1.6583936158225099], [-78.6725181010263, -1.6583510021091608], [-78.67182557971087, -1.6588945784117584], [-78.67151135184315, -1.6583704750072106], [-78.67148861721356, -1.6583001307403729], [-78.67141945657903, -1.657687278146665], [-78.6713569819956, -1.657454724062125], [-78.6712174603018, -1.6572565210767065], [-78.67153005638276, -1.6570086256934657], [-78.67140332002273, -1.656852054067423], [-78.67124715953368, -1.6566803341270955], [-78.67060002358502, -1.6559876781002405], [-78.67060002391621, -1.6559876778440072], [-78.67059133922012, -1.6559783828698205], [-78.67047311160826, -1.6558264841341777], [-78.67027306052613, -1.6555953431513903], [-78.67026633504227, -1.655587572786938], [-78.66979278916298, -1.6550404341312115], [-78.6693371145537, -1.6544730471072278], [-78.66829036637294, -1.6532735367997533], [-78.66761701986779, -1.6525227353133045], [-78.66734824330987, -1.6528540716558648], [-78.6666011604173, -1.6537540790948013], [-78.66658555298355, -1.6537728812766017], [-78.66653795165685, -1.6538302270253256], [-78.66608679048129, -1.6543737371287728], [-78.66498239062281, -1.6557309468185295], [-78.66493165073499, -1.6557911840855661], [-78.66489303314943, -1.6558370300757523], [-78.66488593764338, -1.655847646910389], [-78.66471383474061, -1.6560516195034287], [-78.66471179493628, -1.656052191104268], [-78.66378552610357, -1.6571518315509193], [-78.66388930505097, -1.657028835215978], [-78.66386457294482, -1.65746188428794], [-78.66384263484764, -1.657928250594767], [-78.66402014186717, -1.6585670597717836], [-78.66433990813066, -1.659500223810848], [-78.66438219257351, -1.6599236142048623], [-78.66455299062216, -1.6602036524563424], [-78.66481172908257, -1.660454207537828], [-78.66428885768696, -1.6608719078917573], [-78.66420790064274, -1.6609365809017862], [-78.66381917710036, -1.6612460654935783], [-78.66314445502822, -1.6615829222379261], [-78.66302634356781, -1.6616130916206115], [-78.6628382587254, -1.6615771600176257], [-78.66480087761775, -1.6645968947245007], [-78.66499663656388, -1.6648721795386896], [-78.66529637479317, -1.6651505787073064], [-78.66569126836629, -1.6653573388445493], [-78.6665673713698, -1.6656364243062165], [-78.66675445967104, -1.665705410468644], [-78.66690857058369, -1.6658383529761716], [-78.66731193085195, -1.6664248142963065], [-78.66777938726763, -1.667075930133833], [-78.66797162368646, -1.6673153354943566], [-78.66819985468008, -1.6672629892925135], [-78.66841853108619, -1.6672512913643478], [-78.66877971559867, -1.6673234746160073], [-78.66911233313529, -1.6674338916093292], [-78.66938796194036, -1.6674987980291707], [-78.66961612368954, -1.6675062456666754], [-78.66992989682998, -1.667473134635634], [-78.67031982719138, -1.6673540109199871], [-78.67142372264408, -1.66694752897845], [-78.67266611917809, -1.6664945718018829], [-78.67285452952589, -1.6664262466543531], [-78.67364398560542, -1.6661399592890376], [-78.67584419082459, -1.6653444378207556], [-78.67586485532816, -1.6653369349428133], [-78.67727562178014, -1.664824728960977], [-78.67780347369502, -1.6646483633897367], [-78.67865450613621, -1.6645250001359237], [-78.67876960928632, -1.6645227138633105], [-78.68029402120821, -1.664449446811688], [-78.68080412693365, -1.6639378553855548], [-78.6808088989652, -1.6639330699446884], [-78.68116434424452, -1.663576589646192], [-78.68114206699998, -1.6632028519929796], [-78.68114800926102, -1.6630513819495567], [-78.68115809183152, -1.6629652898601983], [-78.68113113778212, -1.6628447105611026], [-78.68108146384469, -1.6626408732385072], [-78.68105227484173, -1.662548710602645], [-78.68103599637475, -1.6624973128020748], [-78.68091864851593, -1.662082340811865], [-78.68090460302189, -1.662032669547603], [-78.68090428095695, -1.66203153286534], [-78.6808741615354, -1.6619276120004014], [-78.68087134231224, -1.6619178854704257], [-78.68075246700613, -1.661507732679547], [-78.68059335633117, -1.6609851795985833], [-78.68050067629785, -1.6606853225036546], [-78.68049968650601, -1.6606821176338034], [-78.68043529077477, -1.6604737721043228], [-78.68041802621018, -1.6604167422963192], [-78.67925395930962, -1.6607549996916173], [-78.67749692423747, -1.6612647619679137], [-78.67515223415708, -1.6619065758190852], [-78.67504547070072, -1.6617435692523885], [-78.67498282224342, -1.6616588259977032]]]]}}, {"type": "Feature", "properties": {"id": 4, "No": 4, "Nombre": "PLATAFORMA A", "Area": 151.2931}, "geometry": {"type": "MultiPolygon", "coordinates": [[[[-78.68736275370281, -1.635716579433676], [-78.68770470339183, -1.6359824652147308], [-78.68784703755182, -1.6362194179971852], [-78.68806053559503, -1.6365784351483392], [-78.68823134154674, -1.6368584732956726], [-78.68838092158457, -1.6369949794059158], [-78.68871809986446, -1.6372161633790276], [-78.68907902789327, -1.6375131650136574], [-78.68932617846872, -1.6375421533254415], [-78.68963055861221, -1.6374085657913044], [-78.68986838883126, -1.63727490096071], [-78.68985917703398, -1.6370165765861338], [-78.68985949474775, -1.6367391277117034], [-78.68991676705033, -1.636538283464784], [-78.69014513417152, -1.6363663390546541], [-78.69037331423712, -1.636357035756042], [-78.6907823049255, -1.6361948673835873], [-78.69081092458943, -1.6361087959232792], [-78.69092505296243, -1.6360706597300518], [-78.69107706786005, -1.6361569404786724], [-78.69121983778982, -1.6360135981322508], [-78.69140052708663, -1.6359659712045738], [-78.69158127020275, -1.6358705080820721], [-78.6919051130983, -1.6353446871665263], [-78.69268623390857, -1.633996614266003], [-78.6928267233189, -1.633836221400202], [-78.69300094725854, -1.633971305786139], [-78.69321478226836, -1.634036132001569], [-78.69354278480604, -1.6340293352808506], [-78.6936212266709, -1.6340222509940265], [-78.6939697188651, -1.6348047738275426], [-78.69423962970279, -1.635716363345628], [-78.69441725663137, -1.63626907620872], [-78.69458285257582, -1.636561443015165], [-78.6945712600038, -1.6365991042028911], [-78.69495449127339, -1.6353856017591912], [-78.69527356971413, -1.63437427922358], [-78.69586290574763, -1.6325081290730203], [-78.69593440292104, -1.6322817316092242], [-78.69648480171458, -1.630538864985836], [-78.69648505324957, -1.6305380670530967], [-78.69300506275214, -1.6283378888288316], [-78.69298428675323, -1.6283786550828516], [-78.69300463437892, -1.628338575365439], [-78.6921084379482, -1.6277719663200836], [-78.6914533598814, -1.627357801530707], [-78.69136549482612, -1.627301292478283], [-78.68868913066467, -1.6256091930790468], [-78.68665587638039, -1.6243236905993046], [-78.6851663678654, -1.6233819651826311], [-78.68513850231864, -1.6233602248453873], [-78.68507873398191, -1.6234188379538683], [-78.68496083761364, -1.6234429089003803], [-78.68481889870354, -1.62345484871065], [-78.68438376666512, -1.6234528464923441], [-78.68418142738207, -1.6234710589490469], [-78.6841357093012, -1.6234831096421214], [-78.6840731389188, -1.6235072452113828], [-78.68403219075725, -1.6235556116163838], [-78.683998413585, -1.6236427182683797], [-78.68392617560704, -1.6237079946115522], [-78.68377698307975, -1.6237538161990939], [-78.68358685617187, -1.623835900752142], [-78.68343757541228, -1.623959185215381], [-78.68327629772583, -1.6240558272359324], [-78.68310540392916, -1.624147617307627], [-78.68299470984606, -1.6241838006556466], [-78.6829248958874, -1.6242321345700372], [-78.68286466492341, -1.6243143688642778], [-78.68276593001008, -1.624411082956805], [-78.68258291697674, -1.6245827427557453], [-78.68250327898856, -1.624807777154504], [-78.68248625642174, -1.6249699451196415], [-78.68250305753502, -1.6250854633733482], [-78.6825253561825, -1.6251442948545878], [-78.68258458005693, -1.6252339160705969], [-78.68262299932816, -1.6252944783158516], [-78.68263013869796, -1.625317562469271], [-78.68262981299985, -1.6253392784135294], [-78.6826060779776, -1.6253670800324764], [-78.68251463625991, -1.625396022906546], [-78.68241120871235, -1.6253886408479588], [-78.68233904704903, -1.625386136623763], [-78.68227666079144, -1.6254055417058262], [-78.6822557505098, -1.625429753255012], [-78.68224407893223, -1.625448679057831], [-78.68223815693283, -1.6254695360769187], [-78.68223870574228, -1.625496348761363], [-78.68224021259445, -1.6255699968588257], [-78.68229300029915, -1.6256862518448987], [-78.68230994273677, -1.6257605207367172], [-78.68230804878702, -1.6258300979012255], [-78.68229790031158, -1.62585173469034], [-78.68226623513483, -1.6258771668333685], [-78.6821721201043, -1.6259407172471443], [-78.68212982523376, -1.6259733797863505], [-78.68209079202482, -1.6259856197600988], [-78.68198955056808, -1.6260005937817437], [-78.68181876068611, -1.626000396361192], [-78.68167920166731, -1.626036545185334], [-78.68138079439149, -1.6261475532918646], [-78.68110154004528, -1.6263384663075444], [-78.68086556218636, -1.6265487952188362], [-78.68077255514368, -1.6266756831366365], [-78.68077160146565, -1.6266769837632564], [-78.68069479750966, -1.6268591940428072], [-78.6806100497098, -1.627013275029051], [-78.68049533154667, -1.6271536811647431], [-78.68047232259083, -1.6271827970070638], [-78.68053066450082, -1.6275777514943544], [-78.68122197499221, -1.6272721469885696], [-78.68110049316118, -1.6275064010298057], [-78.68103841888497, -1.627750290606788], [-78.68099063504943, -1.6279678881957989], [-78.68099014552018, -1.62839601674451], [-78.68101081438343, -1.629027471130877], [-78.68108112303298, -1.6298957696037697], [-78.68125216198784, -1.62997130911203], [-78.68175084292388, -1.6303521814034554], [-78.68269118519103, -1.6310959208332145], [-78.68302238380315, -1.6314084329373857], [-78.68325387425772, -1.6316203737801755], [-78.68341163021782, -1.6317769652216259], [-78.6840396080408, -1.6324003101901754], [-78.68404674330795, -1.6323955345941334], [-78.68456195903629, -1.6328673150764847], [-78.68499280325425, -1.633336605094134], [-78.6854497876466, -1.6338095135232031], [-78.68566342131447, -1.6340489405017364], [-78.68631624908122, -1.6347313583023217], [-78.68626465921335, -1.634805435885538], [-78.68656491023255, -1.6350626942616244], [-78.68694957546361, -1.6353860332525387], [-78.68736275370281, -1.635716579433676]]]]}}, {"type": "Feature", "properties": {"id": 5, "No": 5, "Nombre": "PLATAFORMA B", "Area": 137.593}, "geometry": {"type": "MultiPolygon", "coordinates": [[[[-78.68149998797463, -1.6363071879112883], [-78.68152468142112, -1.6362023224660989], [-78.68156069709264, -1.6358854535228828], [-78.68154928732385, -1.635472856730382], [-78.68152031245047, -1.6348330215415179], [-78.68148313903448, -1.6344299580251653], [-78.68138472004787, -1.6332057288353543], [-78.68136919478502, -1.6330192695528647], [-78.68136869857281, -1.6330133090398036], [-78.68133548590419, -1.6326144229733148], [-78.6812337226036, -1.631352100959965], [-78.68153550855887, -1.6314050698737728], [-78.6819704453705, -1.6314127501235052], [-78.68228177194348, -1.6314370286616857], [-78.68270242299448, -1.631466217780383], [-78.68278069999204, -1.6311803849496342], [-78.68269118519103, -1.6310959208332145], [-78.68175084292388, -1.6303521814034554], [-78.68125216198784, -1.62997130911203], [-78.68108112303298, -1.6298957696037697], [-78.68101081438343, -1.629027471130877], [-78.68099014552018, -1.62839601674451], [-78.68099063504943, -1.6279678881957989], [-78.68103841888497, -1.627750290606788], [-78.68110049316118, -1.6275064010298057], [-78.68122197499221, -1.6272721469885696], [-78.68053066450082, -1.6275777514943544], [-78.68047232259083, -1.6271827970070638], [-78.67992834295327, -1.627848586654247], [-78.67977187528884, -1.6279452332741333], [-78.6795383331844, -1.6281289367928318], [-78.6794059679803, -1.6281844594497135], [-78.67933856223961, -1.6282303748524931], [-78.67926631753956, -1.6283004913688846], [-78.67920463104097, -1.6284093691353256], [-78.67916927827996, -1.6284426777226801], [-78.67909530615498, -1.6284939496921154], [-78.67897012734664, -1.6285761090780133], [-78.67888102195377, -1.6286655710133386], [-78.67876773734268, -1.6288639378475125], [-78.67873871083039, -1.6290043055093546], [-78.67874820493302, -1.6291156685107875], [-78.67874618644343, -1.6292278552448316], [-78.67872497894486, -1.6292958034536102], [-78.6786974260479, -1.6293455761538043], [-78.6785769918646, -1.6294858377602683], [-78.67842282706141, -1.6296720527740804], [-78.67833117723993, -1.629882547897119], [-78.67828292400083, -1.6300083689652562], [-78.67820905829045, -1.6301485480007762], [-78.67815999995356, -1.6302212476833275], [-78.6781080010353, -1.63026378545089], [-78.6780284369511, -1.6303244376549493], [-78.67801968481861, -1.6303393702402404], [-78.67801966567356, -1.6303560702960045], [-78.67802837749937, -1.630376296960181], [-78.67805698161042, -1.63040082795606], [-78.67809239618487, -1.6304390331899323], [-78.67812357231334, -1.6305213729146355], [-78.67811856579605, -1.6306932367156495], [-78.6780775136732, -1.6308311694468494], [-78.67796906397334, -1.631007754801831], [-78.67793033256864, -1.631081844092007], [-78.67777179951153, -1.6313851006865927], [-78.67776471908428, -1.6314462329583794], [-78.67776941091722, -1.6315503286727036], [-78.67775729388713, -1.6316277763992495], [-78.677689843517, -1.6317124232792428], [-78.67761931842846, -1.6317797174467965], [-78.67761866035488, -1.631779389442287], [-78.67756881419369, -1.6318269521197657], [-78.6774531927778, -1.6319647971699522], [-78.67734126580926, -1.6320629248355691], [-78.6773086527787, -1.632148602915941], [-78.67729889130207, -1.6322696268417478], [-78.67729890204477, -1.6322704413374176], [-78.67730330230977, -1.6326182126934543], [-78.67730328967137, -1.6326182669173623], [-78.67730330121147, -1.6326191690997234], [-78.67728154301798, -1.6327135515258173], [-78.67718280446968, -1.6328126852080447], [-78.67718831937228, -1.6328061929332272], [-78.67718280556817, -1.6328117288018424], [-78.67717553952885, -1.6328552929367632], [-78.67717560627271, -1.6328558399203654], [-78.6771793076373, -1.6328860017961426], [-78.67719501102991, -1.633013996964828], [-78.67720913110055, -1.6330376560002509], [-78.67721742347007, -1.6330515507307763], [-78.67731755997778, -1.6331188336031088], [-78.67739763126856, -1.6331915974540836], [-78.6774499061167, -1.6332749615514488], [-78.67744990589655, -1.633275153194308], [-78.67744947641853, -1.6332752340526264], [-78.67744990501804, -1.6332759179578291], [-78.67745457989312, -1.6333477308082], [-78.67745463285614, -1.6333485444491025], [-78.67743533030246, -1.6333993562340687], [-78.67740655764203, -1.633426169066744], [-78.67740418786367, -1.633434835448606], [-78.67730947816, -1.633524519087866], [-78.67702298308065, -1.6337347869705707], [-78.67697061100876, -1.6337782660521893], [-78.67689777780656, -1.6338387314408271], [-78.67676768980768, -1.634005607759084], [-78.67663763239429, -1.6341458574468322], [-78.67651964675596, -1.6342473893857914], [-78.67639103396259, -1.6343304488241146], [-78.67628993945004, -1.634367499876722], [-78.67617635568114, -1.634383693393546], [-78.67608149723814, -1.6343948862216613], [-78.67592675288196, -1.6343921938187131], [-78.67582818593742, -1.6343732410426512], [-78.67577077959413, -1.6343731741679717], [-78.6757333275166, -1.6343844338521418], [-78.6756867678881, -1.634420456382571], [-78.67567594661959, -1.6344294030799842], [-78.6756483593684, -1.6344760124758473], [-78.6756121351445, -1.6345061106321281], [-78.67555969750383, -1.63452614310825], [-78.67549537637245, -1.6345539413497752], [-78.67546912026332, -1.6345717733153808], [-78.67529957947377, -1.6346695902094248], [-78.67517680852585, -1.634749330540659], [-78.6751515341187, -1.6347961550366208], [-78.67514547027537, -1.6348073907119935], [-78.67513585762808, -1.6348721665266608], [-78.67514621927141, -1.6349199320136423], [-78.67515370099254, -1.6349544210720022], [-78.6751573091582, -1.634971055715137], [-78.67521253473498, -1.6350582651391135], [-78.67525988779992, -1.6351000912416105], [-78.67528436770223, -1.635136356543251], [-78.67530662860538, -1.6352024585893161], [-78.67530965305737, -1.6352727796645652], [-78.67530965105804, -1.6352737360684027], [-78.67530965117271, -1.6352744167621627], [-78.67530959908957, -1.6353196579678915], [-78.67530959798852, -1.6353206143727925], [-78.67529866567244, -1.6353752921501141], [-78.67528931888594, -1.6354018454790138], [-78.67527842074757, -1.6354268349289376], [-78.67525043615886, -1.6354564915692658], [-78.67519465075657, -1.6355270505148947], [-78.67519198159842, -1.6355296725473893], [-78.67517393306451, -1.6355538518297423], [-78.67516469222214, -1.635567186444335], [-78.67515854560237, -1.6355816510203878], [-78.67515850236664, -1.6355817531191956], [-78.67516170147702, -1.6356532757749382], [-78.6751647062254, -1.6357274224451752], [-78.67517024533542, -1.635852809402649], [-78.67517310416669, -1.6358773719433002], [-78.67517890138777, -1.6363058441091107], [-78.67517809656522, -1.6363362113231068], [-78.67517795368296, -1.6363424955940853], [-78.67517119229612, -1.636640260849496], [-78.67517118939752, -1.6366412172521767], [-78.67514807271868, -1.6367245865356665], [-78.67505652273658, -1.6368479356233248], [-78.675041404461, -1.6368681715481883], [-78.67501847195497, -1.6369172107600478], [-78.67501063897899, -1.6370028062790478], [-78.67499854169915, -1.6371040663286296], [-78.67499849453147, -1.637104462214771], [-78.67499852639179, -1.637104877176662], [-78.67500797475257, -1.637227928295038], [-78.67501947254178, -1.6373163242950033], [-78.6750220819277, -1.6373678937134986], [-78.67500932266108, -1.6374301220425191], [-78.67497165693361, -1.6374715868075846], [-78.67488047436896, -1.637530954687479], [-78.67481941180462, -1.6375707125370447], [-78.67482027434431, -1.6375711060449558], [-78.67481941070182, -1.637571668941573], [-78.67473810242517, -1.6376246075092442], [-78.67463119801974, -1.6377111241621753], [-78.67448518791254, -1.6378429873224312], [-78.67445876467269, -1.6378857171887458], [-78.67439367190184, -1.6380115169564815], [-78.67434800281573, -1.6381156376772978], [-78.67433960611717, -1.638176656119739], [-78.67433807695875, -1.6382438386549485], [-78.67430911899912, -1.638323688179678], [-78.67422484905602, -1.6383913688404663], [-78.67416230342418, -1.6383937165939795], [-78.67411634618725, -1.6383839813167211], [-78.67405889268457, -1.6383718099514883], [-78.67391469227793, -1.6382602889213886], [-78.67381371792429, -1.6382117576510358], [-78.67378127688781, -1.6382094281624098], [-78.67371120489695, -1.6382043979126852], [-78.67365358358903, -1.6382099957772762], [-78.67363040537631, -1.6382181297693648], [-78.67358035816055, -1.6382356915454648], [-78.6735396636061, -1.638278493273138], [-78.67352228530937, -1.63831808240748], [-78.67351835466623, -1.6383333911395892], [-78.6735080344692, -1.6383735869539755], [-78.67350796740749, -1.638431683502869], [-78.67355500763567, -1.6385335305328668], [-78.67357108796854, -1.6385763706007281], [-78.67357162960054, -1.6385904117650554], [-78.67356543604653, -1.638629930806957], [-78.6735495299587, -1.638678151902899], [-78.6735246641947, -1.6386968739727068], [-78.67349670115041, -1.6387077793695195], [-78.6734609876789, -1.6387077376137196], [-78.6734268354808, -1.6386998846323915], [-78.67342576290362, -1.638699117712051], [-78.67341137238357, -1.6386873022133346], [-78.67336530812288, -1.6386559120844644], [-78.67330863743716, -1.6386154092463712], [-78.67327205111631, -1.638586331719882], [-78.67316442798747, -1.638538278075959], [-78.67310769516865, -1.6385352611700097], [-78.67306763820994, -1.6385400994090606], [-78.67297746096285, -1.638575220026267], [-78.67281976177412, -1.6386366378246788], [-78.67266235106109, -1.6386847313594077], [-78.67254533759133, -1.638744463778799], [-78.67246900904303, -1.6387915248630842], [-78.67239251163498, -1.6388471219652703], [-78.67232414592202, -1.6388845442379925], [-78.67227287389149, -1.6389110484228484], [-78.67222937122442, -1.6389328745914455], [-78.67221208256676, -1.638933723986596], [-78.67219831362675, -1.63893440032081], [-78.6721579407376, -1.638934353084325], [-78.67199933468599, -1.6389231308948902], [-78.67197510432321, -1.6389237118211846], [-78.67189810631817, -1.6389429875457986], [-78.67183550852049, -1.63899132839529], [-78.67176322296673, -1.6390953336152756], [-78.67168609436722, -1.6392283814290118], [-78.67165220586054, -1.639307185402521], [-78.67161081215866, -1.6393696186714155], [-78.67157283744625, -1.6394001176627238], [-78.67153439767534, -1.6394226222728419], [-78.67149009459962, -1.6394304828842854], [-78.6714027158538, -1.639430376067762], [-78.67138098619806, -1.6394225375887785], [-78.6713313278383, -1.639395915299906], [-78.67129409377938, -1.639367744588308], [-78.67128635331952, -1.639347421445526], [-78.67128638402964, -1.639320857331805], [-78.67129895283708, -1.639194302269919], [-78.67130059720664, -1.6391146117449185], [-78.67129286216287, -1.6390896006059121], [-78.6712820108835, -1.6390739618270553], [-78.67126183618556, -1.639064563107841], [-78.67122612006081, -1.6390660833649067], [-78.67119040212918, -1.6390691674922735], [-78.67116245987877, -1.6390628838103953], [-78.67113452756794, -1.6390472250373191], [-78.67110971239065, -1.6390221948109354], [-78.67108335490425, -1.6389877867733866], [-78.6710640815917, -1.638944632052512], [-78.67100851887885, -1.6388642897076173], [-78.67100741313168, -1.638862690189398], [-78.67099272253199, -1.6388439571408582], [-78.6709252370899, -1.6387578994902248], [-78.67081783564636, -1.6386060717910065], [-78.67074564484062, -1.6385519776410864], [-78.6707127281895, -1.6385430747580425], [-78.67069569373255, -1.638543956984413], [-78.67067554607416, -1.6385578066692426], [-78.670670053546, -1.6385658926027968], [-78.67064997216389, -1.6385954561194378], [-78.67063751116494, -1.6386194392928657], [-78.67060930629668, -1.6386958181719384], [-78.67059003753137, -1.6387155691103725], [-78.67054243327158, -1.6387863721698606], [-78.67054087962879, -1.6387875762502855], [-78.67054011208457, -1.6387887007974635], [-78.67051369138923, -1.6388089839353603], [-78.67049504727848, -1.6388183372060372], [-78.67047952301492, -1.638815193997883], [-78.67047206689274, -1.6388076732573844], [-78.67046246186314, -1.63879798589102], [-78.67042200755942, -1.6387487479649054], [-78.67040453841514, -1.6387379015392007], [-78.67036292297053, -1.6387357583131688], [-78.67035643139201, -1.6387354243789412], [-78.67031664655048, -1.6387450394557204], [-78.67027461575978, -1.638763388793996], [-78.67023114114878, -1.6387602119554878], [-78.67013176582792, -1.638758533534356], [-78.67006190847349, -1.6387428256733452], [-78.67000137001114, -1.6387255666595677], [-78.66990070222005, -1.6386452908636597], [-78.66977208232261, -1.63857739568722], [-78.6696635710932, -1.6385495763458016], [-78.66960134415227, -1.6385336224992229], [-78.66941377503787, -1.638482568895674], [-78.6693488360849, -1.6384752303374792], [-78.66928629346192, -1.638475157092775], [-78.66922897626647, -1.6384991121085035], [-78.66922853409294, -1.6384992969048322], [-78.66917554397693, -1.6385597521268835], [-78.669141633945, -1.6386051405978659], [-78.66913940542553, -1.638608122901791], [-78.66907845457206, -1.6386787294286504], [-78.66903095571917, -1.6387073342057885], [-78.66896358225782, -1.6387241975149727], [-78.668957817026, -1.6387241907611534], [-78.6689503477361, -1.6387241820110503], [-78.66891066123922, -1.6387241355187518], [-78.66884092215504, -1.6387095288058722], [-78.66866543457805, -1.6386100771070584], [-78.66861269523969, -1.638591197350568], [-78.66857608614087, -1.6385780911725043], [-78.66847547959107, -1.638542074800277], [-78.66843712797098, -1.6385210658729776], [-78.6684323742171, -1.6385210603035105], [-78.66841718474612, -1.6385127395327692], [-78.6683651322466, -1.6384972830159312], [-78.66833608338675, -1.6384886567367007], [-78.668232146911, -1.6384906692354753], [-78.66822469912063, -1.6384868339998395], [-78.66821343028145, -1.6384920701559553], [-78.66817765410632, -1.638500535508048], [-78.66808587567454, -1.6385222534420532], [-78.66796556447127, -1.638553581493996], [-78.66783327088878, -1.6385461630560518], [-78.66774430191033, -1.63851701240389], [-78.66771210267964, -1.6385014679552687], [-78.66767195109946, -1.6384896123309975], [-78.66764249663963, -1.6384883936099772], [-78.66760352342204, -1.6384961139456107], [-78.6675300720058, -1.6385201204827884], [-78.6675181786219, -1.638524008079992], [-78.66743397238322, -1.6385360135485731], [-78.66729207857509, -1.6385140588302218], [-78.66712856333096, -1.638463036003456], [-78.66706603381431, -1.6384532784714987], [-78.66699385861084, -1.6384604572645967], [-78.66694443875201, -1.6384863993204366], [-78.666944415363, -1.6384864282200642], [-78.66694372417643, -1.6384867745343195], [-78.66692248379267, -1.6385126375311105], [-78.6669168205248, -1.6385231070019077], [-78.66691065043345, -1.638534514199424], [-78.66688797215687, -1.6385764363461306], [-78.66686509363838, -1.638646997837803], [-78.6668604487373, -1.6386910826302796], [-78.66687333754568, -1.6387507091484006], [-78.66689290899681, -1.6388139919268956], [-78.6669014350017, -1.6388548279278412], [-78.66689817710751, -1.63892912231741], [-78.6668822023531, -1.6390218174727818], [-78.6668630769907, -1.6390883941380974], [-78.66684884834181, -1.639112196159175], [-78.66683226250244, -1.6391399403405558], [-78.6668319933924, -1.639140390202033], [-78.66677660794684, -1.6391911599991649], [-78.66671162424578, -1.639222552782536], [-78.6666346320726, -1.6392369865576348], [-78.66659675493301, -1.6392647337789004], [-78.66649674777545, -1.639337993505934], [-78.66649589817013, -1.6393386153444651], [-78.66641843491922, -1.6394285860765263], [-78.6663721271969, -1.6395029537704975], [-78.6662756890086, -1.6396916536760564], [-78.66625426672498, -1.6397326000600372], [-78.6662250623741, -1.63978842117057], [-78.66616008501276, -1.639912762774942], [-78.6661225310678, -1.6399538321390836], [-78.66612077178024, -1.6399557564333396], [-78.66601637239442, -1.64003093726478], [-78.66598316708225, -1.6400487498756111], [-78.66592886362824, -1.640068872670015], [-78.66586480632105, -1.6401054498140792], [-78.66578925405916, -1.6401485916421243], [-78.66569499386792, -1.6402290282553436], [-78.66569293924069, -1.6402307813512915], [-78.66567236953541, -1.6402754937368764], [-78.66566973392766, -1.640323543843986], [-78.66567509399972, -1.6403514574796028], [-78.66567371804518, -1.640410135225439], [-78.66566623501633, -1.640441349538594], [-78.66557174229672, -1.6405634769085933], [-78.66544702393062, -1.6406654165681929], [-78.66538633396334, -1.6407154441532328], [-78.66538447451988, -1.6407169769085657], [-78.6653338553056, -1.640806481801552], [-78.66527875203066, -1.640871023736184], [-78.66524860394739, -1.6409063353142612], [-78.6652471404396, -1.6409080493280523], [-78.66510352129544, -1.641011371471028], [-78.66505692561013, -1.6410651697634588], [-78.66499498493656, -1.6412044437801065], [-78.66491940692667, -1.6414160066051044], [-78.66489037585251, -1.641583256431291], [-78.66488506828671, -1.641613834168927], [-78.66487990374385, -1.641674421127179], [-78.66484722055029, -1.641738449683591], [-78.66481145984392, -1.6418055417840542], [-78.66481142923595, -1.641805598698103], [-78.66481032665963, -1.6418066939158535], [-78.66467093606225, -1.641948351858009], [-78.66453359610851, -1.642144267464358], [-78.66439374645242, -1.6424297434605755], [-78.66430686263797, -1.6425884341502501], [-78.66427089821752, -1.6426522120048965], [-78.66396490168995, -1.6430077785689803], [-78.66365155188461, -1.6432310034901323], [-78.66364282689221, -1.643238638074956], [-78.66362798729898, -1.6432516250865987], [-78.66381217785168, -1.643318422810812], [-78.6642669543266, -1.6434308920785787], [-78.66448224279144, -1.6434684568068199], [-78.66467901573037, -1.643485909025906], [-78.66495561927663, -1.6435278514964782], [-78.66508109547001, -1.643540914172702], [-78.66518802697796, -1.6435596961266503], [-78.66556435818424, -1.6436835533698555], [-78.66594543849567, -1.643810765402885], [-78.6664562582993, -1.643964438302962], [-78.66655923694496, -1.643974378373457], [-78.66661391171027, -1.6439796558885333], [-78.66661420055657, -1.6439792304585032], [-78.66668677719778, -1.6439862357272175], [-78.66756487448986, -1.644129946697183], [-78.66774660162469, -1.6441596886082264], [-78.66863532711699, -1.6443114146770854], [-78.67002560312527, -1.6444135025388942], [-78.67045421892847, -1.6444650914036247], [-78.67092864069087, -1.6445221931030758], [-78.67175084143055, -1.6446547057948464], [-78.6719100249353, -1.6447051201878182], [-78.67282481163164, -1.644931020619747], [-78.67319077236715, -1.6449816768192564], [-78.67368427626472, -1.6450129577206354], [-78.67443953317047, -1.6441016156773316], [-78.67580145532085, -1.6424582255830724], [-78.67601451695704, -1.642198183249654], [-78.67602254019722, -1.6421883908282677], [-78.67664792262873, -1.6414251089319987], [-78.67665094247282, -1.6414214233360689], [-78.6780481636079, -1.6397161036864742], [-78.67818509978443, -1.6395489717021445], [-78.67844726161387, -1.6392258083443914], [-78.67925024106394, -1.63823598440347], [-78.68027768569132, -1.636982754252676], [-78.68062006821997, -1.636565130455283], [-78.68077826032682, -1.6363721749417828], [-78.6809139579109, -1.636178598378046], [-78.68099444319675, -1.6360046760293174], [-78.68149998797463, -1.6363071879112883]]]]}}, {"type": "Feature", "properties": {"id": 6, "No": 6, "Nombre": "PLATAFORMA K", "Area": 158.148}, "geometry": {"type": "MultiPolygon", "coordinates": [[[[-78.65703986014962, -1.6688690240865096], [-78.65699344492745, -1.6688077077267418], [-78.6569757675569, -1.6687809545216843], [-78.65684132103101, -1.6688189279054157], [-78.65675770504224, -1.6687193148285526], [-78.65666725815886, -1.6686115633231098], [-78.65586914026476, -1.6676704052917042], [-78.65588817410807, -1.667659166541813], [-78.65592788111344, -1.6676246095426979], [-78.6549342222625, -1.6664743312207213], [-78.65551499464324, -1.6659733333733744], [-78.65536101933861, -1.665794287305645], [-78.65401277382924, -1.6642265087895882], [-78.65304323683199, -1.6650923845748664], [-78.65142648461895, -1.6665013008481526], [-78.65055884796872, -1.6654353616990072], [-78.650555686987, -1.6654314790164122], [-78.65050718871721, -1.665371895099385], [-78.64997131381575, -1.6647135441217407], [-78.64931239244997, -1.6653011346664495], [-78.64935694787602, -1.6635481530500575], [-78.64934633416254, -1.6633353322030133], [-78.64846714540866, -1.6641136360363447], [-78.64800944842621, -1.6635346098313921], [-78.6474574322722, -1.6640188960999767], [-78.64692309511123, -1.663344848167366], [-78.64692091196717, -1.6633466182065657], [-78.64568690100197, -1.6643471612040606], [-78.64510161406552, -1.6648630694409208], [-78.64506587249824, -1.6648944750885788], [-78.64453206258703, -1.6653635293170659], [-78.64358522854879, -1.6661181731079633], [-78.6434597321698, -1.6662633273008953], [-78.64345737631221, -1.6662660525993236], [-78.6433662687725, -1.6663714316826541], [-78.64292377740547, -1.6667248728004176], [-78.6422957141322, -1.6672359437791404], [-78.64223873078065, -1.667280849504704], [-78.64178661688224, -1.667637138289764], [-78.64171789543063, -1.6676897197429648], [-78.64215962310885, -1.6682108910119702], [-78.64267361524566, -1.667790299033905], [-78.64486714990674, -1.6703711803081487], [-78.64482619984003, -1.6704063453977123], [-78.64437849325029, -1.6707984869891792], [-78.64428630937785, -1.6708839531627317], [-78.6437643957787, -1.6713438320568847], [-78.64369290584551, -1.6714036399563978], [-78.64368901064525, -1.6714053238394722], [-78.64335504452221, -1.6717001981293056], [-78.64329419579005, -1.6717539243729864], [-78.64321075504755, -1.6718302348299654], [-78.64285105903322, -1.672148471164683], [-78.6426579138559, -1.6723179062689084], [-78.64259670461755, -1.6723718507573406], [-78.64309683982032, -1.6729464962670206], [-78.64420286433321, -1.6719356928494762], [-78.64514029176132, -1.6730322909620574], [-78.644013514713, -1.6740365882543258], [-78.64444565213176, -1.674538617143297], [-78.64574728432933, -1.6734102171199412], [-78.64614480559192, -1.6730656002406], [-78.6466097304755, -1.6736804237713065], [-78.64720571092366, -1.6731717058971909], [-78.64768457512882, -1.673740722197208], [-78.64862885912522, -1.674906840718286], [-78.64806569389914, -1.6753831111192377], [-78.64853995957644, -1.6759802602535416], [-78.64914489981629, -1.6754880067494649], [-78.64961064026949, -1.6760777668056226], [-78.65014196692955, -1.6755683660396432], [-78.6506076050383, -1.6761668792205782], [-78.6510124067715, -1.6766661747300031], [-78.65107839558684, -1.676609055483105], [-78.65151580196917, -1.6762271291239808], [-78.65153801098667, -1.6762079585388812], [-78.65154100143216, -1.676204934787259], [-78.65154348306068, -1.6762014765206026], [-78.65157719076215, -1.676172868914248], [-78.65163759054455, -1.6761216077470587], [-78.65208144199892, -1.6757344403365726], [-78.65211335397021, -1.6757066034177672], [-78.65220624976646, -1.6756288682424898], [-78.65244004595272, -1.675426260878331], [-78.65266780919161, -1.6752288818823589], [-78.65270891572811, -1.675193839699993], [-78.65275502727272, -1.6751545305276077], [-78.65275701807423, -1.6751528768721573], [-78.65275870292997, -1.675150909173417], [-78.6527770784885, -1.67513509303526], [-78.65309693996407, -1.6748597796552276], [-78.65323215202716, -1.6747433994663878], [-78.65326932721216, -1.6747132067759094], [-78.65332737297655, -1.6746660619432547], [-78.65358289605948, -1.6744446381279905], [-78.65379556740666, -1.6742603461253527], [-78.65388033593045, -1.6741888734767896], [-78.65418957612323, -1.6739207440294932], [-78.65436376334672, -1.673769712840433], [-78.65444756378693, -1.6736964644651953], [-78.65494284480218, -1.6732608085476597], [-78.65498175350164, -1.6732292401949531], [-78.65503011782627, -1.67319000044248], [-78.65519852093284, -1.6730486877663404], [-78.65541527804699, -1.672857889734327], [-78.6554461948952, -1.6728305847683258], [-78.655521988083, -1.6727631779515646], [-78.65553587805287, -1.6727484103496633], [-78.6556302733173, -1.672671080494514], [-78.65563505951927, -1.672668000121914], [-78.65563927081196, -1.6726641615372788], [-78.65564278939061, -1.6726596721704963], [-78.65582403818375, -1.6725024053541206], [-78.65608508446392, -1.6722756844049658], [-78.65610490161092, -1.672258472365363], [-78.65618806396448, -1.6721778167961663], [-78.6563832776665, -1.6720175048628492], [-78.65657464639371, -1.6718301317224074], [-78.65657779504527, -1.6718277653138753], [-78.65658050053288, -1.6718248966733287], [-78.6565826864004, -1.6718216106814072], [-78.65658428875925, -1.6718179994656157], [-78.65659957933688, -1.6717970287145127], [-78.65623220034092, -1.671307000041749], [-78.65574588114464, -1.6717302359655073], [-78.6552206199588, -1.6711027989520033], [-78.65573023208378, -1.6706564442065552], [-78.65534073494074, -1.6701630691559475], [-78.65535825899235, -1.6701486258978027], [-78.656349389472, -1.6693901614735838], [-78.65700013873713, -1.6688921739673], [-78.65703986014962, -1.6688690240865096]]]]}}, {"type": "Feature", "properties": {"id": 7, "No": 7, "Nombre": "PLATAFORMA I", "Area": 100.0123}, "geometry": {"type": "MultiPolygon", "coordinates": [[[[-78.66283861246134, -1.6581938782013703], [-78.66204755246427, -1.6578557003809975], [-78.66083483212591, -1.6570891379995154], [-78.6593578857991, -1.656155558243819], [-78.6577060882516, -1.6551125879694648], [-78.65764942290335, -1.6552978802315712], [-78.65737295396904, -1.6560463426951586], [-78.65735138293037, -1.6561047393095398], [-78.65730237874035, -1.6562772079186991], [-78.65718013597518, -1.6562599775395634], [-78.6567003137121, -1.6563198256053424], [-78.65618924527574, -1.6563790107694683], [-78.65548790585328, -1.6565515773721031], [-78.655081292116, -1.6567434978010402], [-78.65493961426864, -1.6566955934658425], [-78.65474966993587, -1.6568167647446626], [-78.65472720747036, -1.6568310947041682], [-78.65450373223369, -1.6570258599924774], [-78.65445657657513, -1.6570669566546523], [-78.65424242404477, -1.6572759784846114], [-78.65418399707067, -1.657343395899915], [-78.65414554198368, -1.6573877680179212], [-78.65409519224964, -1.6574530544709996], [-78.65405984892062, -1.6574988820544883], [-78.653945583544, -1.6576530122658764], [-78.65384666797567, -1.6578217723886597], [-78.65380269268906, -1.6578967993616136], [-78.6537602450774, -1.6579759041135653], [-78.65369431307832, -1.6580987714458622], [-78.65364385901303, -1.6582159686032856], [-78.65360375012344, -1.6583091363388232], [-78.65358906169674, -1.6583484113002558], [-78.65351076424986, -1.6585577657025987], [-78.65344157436388, -1.6587825064267405], [-78.65343054652014, -1.6588179167927768], [-78.65339639986627, -1.6589275663032514], [-78.65336791320438, -1.6590190402892748], [-78.65325035243565, -1.659396544159727], [-78.65321969803091, -1.659494978747582], [-78.6530240948758, -1.6600974620187583], [-78.65287875313714, -1.6604034309783589], [-78.65276681192869, -1.660601810599941], [-78.65258626453404, -1.660442565487582], [-78.65251892133296, -1.6605111272416395], [-78.6523519067168, -1.6603519073629847], [-78.65212006249666, -1.6601447154787914], [-78.65192252058887, -1.6603764771243419], [-78.65146691940225, -1.6607633930926748], [-78.65200346969768, -1.6613861574699884], [-78.65179001519432, -1.661569969184498], [-78.65135058071301, -1.6619380203204392], [-78.65112147731891, -1.6621299071111644], [-78.65109167214116, -1.6621548713354037], [-78.65081656656484, -1.66238528754103], [-78.65033030960363, -1.6627925543488753], [-78.65025669625467, -1.6628542101731283], [-78.65020199686843, -1.6628828453311122], [-78.64935694787602, -1.6635481530500575], [-78.64931239244997, -1.6653011346664495], [-78.64997131381575, -1.6647135441217407], [-78.65142648461895, -1.6665013008481526], [-78.65302413287606, -1.6651090325276865], [-78.65304323683199, -1.6650923845748664], [-78.65401277375426, -1.6642265088565458], [-78.65551499464324, -1.6659733333733744], [-78.65606913842281, -1.665470969709172], [-78.65654270534297, -1.6660154196266732], [-78.65830933926873, -1.6644715163069226], [-78.65864134343964, -1.6648202124925624], [-78.65877225605934, -1.6646420004752471], [-78.65936846509959, -1.6637952493245134], [-78.6596682011761, -1.6633394166737907], [-78.660080738773, -1.662747252129251], [-78.66054222868785, -1.662087978146143], [-78.66093342754951, -1.6615017425667393], [-78.66121957434234, -1.6610616287190303], [-78.66136875230647, -1.660832181799906], [-78.66191305553066, -1.660019536598049], [-78.66203101647648, -1.659754192788944], [-78.66232744414208, -1.659309679844685], [-78.66301316843013, -1.658308889522313], [-78.66291694852518, -1.6582764863516473], [-78.66287779899093, -1.658219037892064], [-78.66283861246134, -1.6581938782013703]]]]}}, {"type": "Feature", "properties": {"id": 8, "No": 8, "Nombre": "PLATAFORMA D", "Area": 195.8332}, "geometry": {"type": "MultiPolygon", "coordinates": [[[[-78.68043473957724, -1.6592083676039415], [-78.68039891281487, -1.6593590077174505], [-78.68049862852492, -1.6594524051762778], [-78.68059477886155, -1.6595457984345598], [-78.68068382861254, -1.6596140689782914], [-78.68089404407898, -1.6597255354530733], [-78.68141069666372, -1.6599808694354221], [-78.68138044161354, -1.6601642683018414], [-78.68042005128233, -1.6604234314185167], [-78.68043529077477, -1.6604737721043228], [-78.68049968650601, -1.6606821176338034], [-78.68050067629785, -1.6606853225036546], [-78.68059335633117, -1.6609851795985833], [-78.68075246700613, -1.661507732679547], [-78.68087134231224, -1.6619178854704257], [-78.6808741615354, -1.6619276120004014], [-78.68090428095695, -1.66203153286534], [-78.68090460302189, -1.662032669547603], [-78.68091864851593, -1.662082340811865], [-78.68103599637475, -1.6624973128020748], [-78.68105227484173, -1.662548710602645], [-78.68108146384469, -1.6626408732385072], [-78.68113113778212, -1.6628447105611026], [-78.68115809183152, -1.6629652898601983], [-78.68114800926102, -1.6630513819495567], [-78.68114206699998, -1.6632028519929796], [-78.68116434424452, -1.663576589646192], [-78.6808088989652, -1.6639330699446884], [-78.68080412693365, -1.6639378553855548], [-78.68029402120821, -1.664449446811688], [-78.68177937505779, -1.664320143320982], [-78.6822452023581, -1.6643398289740716], [-78.6830818869841, -1.66429298264526], [-78.68340518591333, -1.6642455289848517], [-78.68359550757525, -1.6640926793289692], [-78.68427124186461, -1.6634716131129772], [-78.6847390722115, -1.6632501695721675], [-78.68523457465486, -1.6630753632191533], [-78.68604135678345, -1.66212067515849], [-78.68644094727593, -1.661872400257753], [-78.68809559519913, -1.6615299318750383], [-78.6882357951306, -1.6614674247399819], [-78.68843803071974, -1.661377260037254], [-78.68853277802377, -1.6613376641282902], [-78.68969843035174, -1.6615005640888032], [-78.69140571192656, -1.6610867396580942], [-78.69210546386688, -1.66189211012645], [-78.69336681509765, -1.6622551881201217], [-78.69397620813973, -1.6609245906259202], [-78.69422677355742, -1.6603774834054297], [-78.69422589837431, -1.6603761245886461], [-78.6942444027613, -1.6603389906178494], [-78.69428307459454, -1.6602613843910556], [-78.69432138818867, -1.6602293305773919], [-78.69445437031327, -1.660118077431872], [-78.69448268762469, -1.6601121976857955], [-78.69546387574181, -1.6593996747252238], [-78.69544872744567, -1.6593825679650764], [-78.6955058149069, -1.659344365469528], [-78.69567701635603, -1.6592823799553904], [-78.69590049135749, -1.6592348056119202], [-78.69628572187585, -1.659072614254738], [-78.69656154710066, -1.6589724817453653], [-78.69663416555338, -1.6590220403579328], [-78.6967230424266, -1.659082693700413], [-78.6968752246187, -1.659025468716255], [-78.69704115134023, -1.6589035911263335], [-78.69707028883043, -1.65888218896349], [-78.69722723509537, -1.6588154016731276], [-78.69742217756696, -1.6587773614330525], [-78.6974433995501, -1.6587570944358077], [-78.69752218564199, -1.6586818536412649], [-78.69751709094625, -1.6584390008008147], [-78.69751647799745, -1.6584175041133091], [-78.69755442522973, -1.6582664150363686], [-78.69760954607737, -1.6580947188191753], [-78.69765972889607, -1.6578615762399076], [-78.69778119491852, -1.6576464549368077], [-78.69757110458038, -1.6574237706390957], [-78.69725785550746, -1.657000053999671], [-78.696741082195, -1.6563854887291172], [-78.69666684419353, -1.6562961700105385], [-78.6966425882469, -1.6562639171330187], [-78.69661880326889, -1.6562345584763574], [-78.69660775917373, -1.6562176048003137], [-78.69651021607054, -1.656087899335649], [-78.6964390614132, -1.6559586586682167], [-78.69643904799588, -1.6559586089331275], [-78.69641066420198, -1.6558509938114152], [-78.6963039524854, -1.6556391936559085], [-78.69630226375271, -1.6556352150335494], [-78.69626128621033, -1.6555386879881007], [-78.69626023212128, -1.6555390022473493], [-78.69605366662489, -1.6556005817138373], [-78.69559024274278, -1.6557631868804064], [-78.69523065971124, -1.6558722698052284], [-78.69523039413478, -1.6558719883540818], [-78.69513214058023, -1.655767979809982], [-78.69513127151852, -1.6557683168844644], [-78.69506150929325, -1.655795398271977], [-78.6950612213394, -1.6557950471875813], [-78.69506032082204, -1.6557953968809949], [-78.69413823499305, -1.654673202994437], [-78.69383855169038, -1.654261061685469], [-78.6941179935791, -1.654023610047957], [-78.69484250254078, -1.6533368063219827], [-78.69348892802623, -1.6519102770814509], [-78.69237857375515, -1.6506929386536824], [-78.692784763045, -1.6502316548967344], [-78.69283517936506, -1.6502407265108152], [-78.69289387941247, -1.6501567459755777], [-78.6921249789007, -1.6500094285655784], [-78.69218418279526, -1.6497393206039304], [-78.69222951209937, -1.6494848832955389], [-78.69224038483057, -1.6490682993046248], [-78.69060335581365, -1.6491622331343854], [-78.69024564374985, -1.6501760928786113], [-78.68939121141415, -1.6491274871059378], [-78.68867912119433, -1.6483086604633215], [-78.68827299860659, -1.6479908161983068], [-78.68820540767902, -1.6480931432232075], [-78.6874341842447, -1.6488568608422258], [-78.68648234817209, -1.6498304026975563], [-78.68648107953513, -1.6498997638017716], [-78.68666257469803, -1.6501834037740344], [-78.68690266740855, -1.6505836448452005], [-78.68783919033174, -1.6521448557881442], [-78.68736350966935, -1.6524253342016777], [-78.68714389283768, -1.6522217746411334], [-78.68689459397851, -1.6519942618521142], [-78.68670468610321, -1.651790737186576], [-78.68641379390178, -1.65156317574974], [-78.68612288795157, -1.6513475740345689], [-78.6857660736586, -1.6516042737370689], [-78.6857107806883, -1.6516526225926098], [-78.68558168701621, -1.6517655033727412], [-78.68528829805548, -1.6520095029833344], [-78.6852728205631, -1.6520223747105465], [-78.68457652926237, -1.6526014503764888], [-78.68398765352217, -1.653138911832076], [-78.68459924320716, -1.653510357131086], [-78.68510981429483, -1.653887663797159], [-78.68467571903575, -1.6541741681931748], [-78.68431898021866, -1.6543650921584987], [-78.6840395423894, -1.6545082717400281], [-78.68393254554466, -1.6545440223001138], [-78.68374855878811, -1.6546164572111084], [-78.68336695295149, -1.6547308142080916], [-78.6831743756924, -1.654780814772214], [-78.68293904815523, -1.6548259965389793], [-78.68279024612998, -1.6548545654215854], [-78.68277814052257, -1.6548568897826579], [-78.6827286300003, -1.6548663956696077], [-78.6821545013153, -1.654984113743506], [-78.68197312306584, -1.6550985448820135], [-78.68190475663451, -1.6551416773847116], [-78.68150109807986, -1.6554202463743009], [-78.68139096074569, -1.6554962525897703], [-78.68072372064888, -1.6559726277987719], [-78.68014924160065, -1.6563917081015869], [-78.68005521860238, -1.6564649253252608], [-78.67976742307307, -1.656689034908688], [-78.68018324711593, -1.6578052913125796], [-78.68035024596912, -1.658289823756487], [-78.68042838729927, -1.6585410529708386], [-78.68045322613762, -1.658641537814694], [-78.68046382524425, -1.6587240664022829], [-78.68046723177427, -1.658860402165828], [-78.68045998067007, -1.6589644361368567], [-78.68044913400954, -1.6590935792961223], [-78.68043473957724, -1.6592083676039415]]]]}}, {"type": "Feature", "properties": {"id": 9, "No": 9, "Nombre": "PLATAFORMA G", "Area": 123.5826}, "geometry": {"type": "MultiPolygon", "coordinates": [[[[-78.66034922883279, -1.6500869352358025], [-78.66034661985194, -1.6502854466559118], [-78.6603144513047, -1.6503559658071734], [-78.6602929213627, -1.6504755277530117], [-78.6603046733883, -1.6505879534317514], [-78.66035446483934, -1.6506908574957542], [-78.66041972238182, -1.6507782334793546], [-78.66051111489608, -1.6508740120523748], [-78.66066069958123, -1.6510021474168146], [-78.66089220988871, -1.651191369526502], [-78.6610168704696, -1.6512919704275224], [-78.66108449044471, -1.6513925046779498], [-78.66116863767378, -1.6515863360875611], [-78.66125040891555, -1.651780164701768], [-78.6613595924539, -1.6519049040177414], [-78.66138375561017, -1.6519247080168151], [-78.66072934237805, -1.6525185160636962], [-78.66049616765677, -1.6527358883935201], [-78.66009015444013, -1.6530151173804681], [-78.66072494404128, -1.6534316403928921], [-78.66077265268129, -1.6534766593504462], [-78.6608064943746, -1.6535224365602108], [-78.6608761519542, -1.6536816958698808], [-78.66114048681993, -1.6541707360909232], [-78.6615875093081, -1.6549352781889988], [-78.66178438760872, -1.655216654519983], [-78.66211258428686, -1.6556304886666484], [-78.6624632992082, -1.65611050199955], [-78.66259047398981, -1.6562718963218919], [-78.662711538904, -1.656387804816114], [-78.66278543708951, -1.6564354385220394], [-78.66301740493898, -1.6565742189107895], [-78.6631775065873, -1.656686039038735], [-78.6633976485747, -1.6568837160951428], [-78.66371179625668, -1.6571697167032398], [-78.66375085291317, -1.6572037748701705], [-78.66378552610357, -1.6571518315509193], [-78.66488593764338, -1.655847646910389], [-78.66489303314943, -1.6558370300757523], [-78.66496202198137, -1.6557338018090546], [-78.66497295569995, -1.6557202959196895], [-78.66498239062281, -1.6557309468185295], [-78.66608679048129, -1.6543737371287728], [-78.66653795165685, -1.6538302270253256], [-78.66658555298355, -1.6537728812766017], [-78.6666011604173, -1.6537540790948013], [-78.66734824330987, -1.6528540716558648], [-78.66761701986779, -1.6525227353133045], [-78.66891439752044, -1.6509233785376445], [-78.66917190460181, -1.6506033158307625], [-78.66991407992032, -1.6496808408966683], [-78.67100615771794, -1.6483441299138595], [-78.6711517525981, -1.6481659194590106], [-78.67368427626472, -1.6450129577206354], [-78.67319077236715, -1.6449816768192564], [-78.67282481163164, -1.644931020619747], [-78.6719100249353, -1.6447051201878182], [-78.67175084143055, -1.6446547057948464], [-78.67092864069087, -1.6445221931030758], [-78.67045421892847, -1.6444650914036247], [-78.67002560312527, -1.6444135025388942], [-78.66896032038484, -1.6443352791874795], [-78.66892787404977, -1.6443328961453403], [-78.66863532711699, -1.6443114146770854], [-78.66774660162469, -1.6441596886082264], [-78.66756487448986, -1.644129946697183], [-78.66668677719778, -1.6439862357272175], [-78.66661420055657, -1.6439792304585032], [-78.66661391171027, -1.6439796558885333], [-78.66655923694496, -1.643974378373457], [-78.6664562582993, -1.643964438302962], [-78.66594543849567, -1.643810765402885], [-78.66556435818424, -1.6436835533698555], [-78.66518802697796, -1.6435596961266503], [-78.66508109547001, -1.643540914172702], [-78.66495561927663, -1.6435278514964782], [-78.66467901573037, -1.643485909025906], [-78.66448224279144, -1.6434684568068199], [-78.6642669543266, -1.6434308920785787], [-78.66381217785168, -1.643318422810812], [-78.66363135267383, -1.6432528457899045], [-78.66361626580061, -1.64326604765442], [-78.66358795259718, -1.6432791598200551], [-78.66356481993192, -1.6432898726258853], [-78.66354738370157, -1.6432979471283167], [-78.6635200764396, -1.6433135011895308], [-78.66345104953785, -1.6433509616953996], [-78.6634153162527, -1.6433681085658234], [-78.66333610667586, -1.6433836403714859], [-78.66330660597092, -1.6433820435737465], [-78.66327556847935, -1.6433663810353405], [-78.66325385349833, -1.643346041499147], [-78.66322618072604, -1.6433213495742427], [-78.66321352257314, -1.6433100549580673], [-78.66310334407054, -1.6435267210535922], [-78.6630502619848, -1.6436235105240946], [-78.66297414825945, -1.643793189588904], [-78.662958411552, -1.6438175139914928], [-78.66236033549502, -1.6447687282907288], [-78.66211024590244, -1.6451999646339324], [-78.66193456236935, -1.6455302657681294], [-78.6619100716177, -1.6455763111588195], [-78.66187479296084, -1.6456619556449976], [-78.6615368029397, -1.6464434119766387], [-78.66152332818068, -1.646474567546909], [-78.66114545172634, -1.6476431414669475], [-78.66099218615932, -1.6481403081004302], [-78.66093850938513, -1.64831442717931], [-78.66034157185852, -1.649555873372799], [-78.6602339176088, -1.6497797604167153], [-78.6602645000877, -1.6498226726199001], [-78.66026827480486, -1.6498279698079925], [-78.66035542826377, -1.6498669019268444], [-78.66034922883279, -1.6500869352358025]]]]}}, {"type": "Feature", "properties": {"id": 10, "No": 10, "Nombre": "PLATAFORMA E", "Area": 122.2789}, "geometry": {"type": "MultiPolygon", "coordinates": [[[[-78.67671696854521, -1.652191799132929], [-78.67665527715867, -1.6522385181343366], [-78.67682569526252, -1.6524664023882791], [-78.67547805552992, -1.6545294413024314], [-78.67440599988572, -1.6530123164836341], [-78.67345227579102, -1.653768558704676], [-78.67355788511685, -1.6539023106065178], [-78.67312914099145, -1.6547753093454347], [-78.67220954424278, -1.656129894146298], [-78.67350706733575, -1.6575239069668515], [-78.6745828494121, -1.6586892473078165], [-78.67472723390088, -1.6587946561523075], [-78.67478579364018, -1.658869137936246], [-78.6747165777414, -1.6589380908252458], [-78.6739970959819, -1.6596596101579697], [-78.6745116456796, -1.6601862892396655], [-78.67476712360192, -1.659994323439016], [-78.67498029569691, -1.6595818188784601], [-78.6750009048043, -1.6595555240269053], [-78.67532829633306, -1.659735808828877], [-78.67534115336801, -1.6597807552362942], [-78.67515132797081, -1.660212655216484], [-78.6751787702835, -1.6603525525678644], [-78.67515882858534, -1.661566462928298], [-78.67498282224342, -1.6616588259977032], [-78.67504547070072, -1.6617435692523885], [-78.67515223415708, -1.6619065758190852], [-78.67749692423747, -1.6612647619679137], [-78.67925395930962, -1.6607549996916173], [-78.68041802621018, -1.6604167422963192], [-78.68042005128233, -1.6604234314185167], [-78.68138044161354, -1.6601642683018414], [-78.68141069666372, -1.6599808694354221], [-78.68089404407898, -1.6597255354530733], [-78.68068382861254, -1.6596140689782914], [-78.68059477886155, -1.6595457984345598], [-78.68049862852492, -1.6594524051762778], [-78.68039891281487, -1.6593590077174505], [-78.68043473957724, -1.6592083676039415], [-78.68044913400954, -1.6590935792961223], [-78.68045998067007, -1.6589644361368567], [-78.68046723177427, -1.658860402165828], [-78.68046382524425, -1.6587240664022829], [-78.68045322613762, -1.658641537814694], [-78.68042838729927, -1.6585410529708386], [-78.68035024596912, -1.658289823756487], [-78.68018324711593, -1.6578052913125796], [-78.67976742307307, -1.656689034908688], [-78.68005521860238, -1.6564649253252608], [-78.68014924160065, -1.6563917081015869], [-78.68072372064888, -1.6559726277987719], [-78.68139096074569, -1.6554962525897703], [-78.68150109807986, -1.6554202463743009], [-78.68190475663451, -1.6551416773847116], [-78.6821545013153, -1.654984113743506], [-78.6827286300003, -1.6548663956696077], [-78.6831743756924, -1.654780814772214], [-78.68336695295149, -1.6547308142080916], [-78.68374855878811, -1.6546164572111084], [-78.68393254554466, -1.6545440223001138], [-78.6840395423894, -1.6545082717400281], [-78.68431898021866, -1.6543650921584987], [-78.68467571903575, -1.6541741681931748], [-78.68510981429483, -1.653887663797159], [-78.68459924320716, -1.653510357131086], [-78.68398765352217, -1.653138911832076], [-78.68457652926237, -1.6526014503764888], [-78.68558168701621, -1.6517655033727412], [-78.6857660736586, -1.6516042737370689], [-78.68612288795157, -1.6513475740345689], [-78.68641379390178, -1.65156317574974], [-78.68670468610321, -1.651790737186576], [-78.68689459397851, -1.6519942618521142], [-78.68714389283768, -1.6522217746411334], [-78.68736350966935, -1.6524253342016777], [-78.68783919033174, -1.6521448557881442], [-78.68690266740855, -1.6505836448452005], [-78.68666257469803, -1.6501834037740344], [-78.68648107953513, -1.6498997638017716], [-78.68648234817209, -1.6498304026975563], [-78.6874341842447, -1.6488568608422258], [-78.68820540767902, -1.6480931432232075], [-78.68827299860659, -1.6479908161983068], [-78.68817799011792, -1.6479368892346822], [-78.68801761989745, -1.6478828868119364], [-78.68792853214104, -1.6478469054212015], [-78.68775033595314, -1.647792882169321], [-78.6873641925666, -1.6477206772752233], [-78.68641965941181, -1.6475162712011895], [-78.68535391433079, -1.6472859488837748], [-78.68466064158868, -1.6471361221927818], [-78.68320501444796, -1.648038514620351], [-78.68272809940613, -1.6483602486015696], [-78.68213990246184, -1.648826954169677], [-78.68086151816505, -1.6495788668699454], [-78.68021328128808, -1.6500684215534416], [-78.67671696854521, -1.652191799132929]]]]}}, {"type": "Feature", "properties": {"id": 12, "No": 12, "Nombre": "PLATAFORMA L", "Area": 148.4338}, "geometry": {"type": "MultiPolygon", "coordinates": [[[[-78.64655900438392, -1.645582461327158], [-78.64651246757722, -1.645540735451935], [-78.64646418367673, -1.6455181063033482], [-78.64640726659356, -1.6455006755005466], [-78.64635207307059, -1.6454849841495447], [-78.64627274021167, -1.6454553730241348], [-78.64622245654981, -1.6454244901848158], [-78.64619342976071, -1.6454066622253825], [-78.64612452606812, -1.645311085503782], [-78.64608665798261, -1.6452346435400846], [-78.64605225150558, -1.6451477884954842], [-78.64604367278586, -1.6450376095053925], [-78.64599567743812, -1.6449244377152847], [-78.64597854571824, -1.644897387263496], [-78.64593565688992, -1.6448510347776422], [-78.64582704007451, -1.6447816473656647], [-78.64579489833798, -1.64472604842154], [-78.6457605122171, -1.6446218302324402], [-78.6456916630468, -1.644480531517307], [-78.64558957661072, -1.644326222483388], [-78.6454160555965, -1.6440935912519397], [-78.6452459921086, -1.6439452273345054], [-78.64506675926, -1.643769071275565], [-78.64498408275828, -1.6436485906093945], [-78.64493589731526, -1.6435420410817316], [-78.64491302538839, -1.6434285774180937], [-78.64488571979886, -1.6431715747748603], [-78.64487198740612, -1.643111367675696], [-78.64487206538469, -1.6431107476545619], [-78.6448812761732, -1.6430372977121153], [-78.64489744741286, -1.642979440226651], [-78.6450297684573, -1.6427255783973134], [-78.64509773315899, -1.6425951865459225], [-78.64523921348346, -1.6423684812924666], [-78.64532536978565, -1.6421370794108607], [-78.64533162339563, -1.6420352245314191], [-78.64533158971729, -1.6420348348864033], [-78.64532254432424, -1.6419302653651655], [-78.64527933894144, -1.6418535324462133], [-78.64523640423828, -1.6417888215635748], [-78.64471749005848, -1.6414900147708846], [-78.64457826431263, -1.6414477099909721], [-78.64437750031112, -1.6414053792457561], [-78.64374051378074, -1.6413203046970852], [-78.64351980014796, -1.641205834531063], [-78.64346467891117, -1.6411286012343762], [-78.64340570910159, -1.6409818745590545], [-78.64319838856143, -1.640643670732884], [-78.64304053003114, -1.6404894144106077], [-78.64292667169738, -1.6404211564756292], [-78.6425970076093, -1.640281082891895], [-78.64255965362024, -1.6402650449310192], [-78.64252495750968, -1.6402322345383016], [-78.64246432463166, -1.6401203715154933], [-78.64238329698483, -1.6399451053755345], [-78.64217514955571, -1.639577539531685], [-78.64200971647887, -1.63940448660288], [-78.6419236993464, -1.6393531647888375], [-78.64171329360103, -1.6392765185855356], [-78.64154080558657, -1.639234643623323], [-78.6414356296229, -1.6391737497353607], [-78.64136155439847, -1.6390746934565004], [-78.6413064811521, -1.6389565618877633], [-78.64129962963656, -1.6389131468212834], [-78.64123080150813, -1.6387547739310226], [-78.64118030392405, -1.6386574830288818], [-78.64108610088533, -1.6385578243968215], [-78.64098256633622, -1.6385097939492155], [-78.64093850639706, -1.638493333160365], [-78.64084417168438, -1.6384916023529983], [-78.64076869021198, -1.6385088326145603], [-78.64064896460067, -1.6385603000696038], [-78.64058956136063, -1.6386120360934273], [-78.64049237376656, -1.6387284331670218], [-78.64018149952038, -1.6389919789458718], [-78.63995803697344, -1.6392602574099688], [-78.63979663655272, -1.639572595743272], [-78.6397436849097, -1.6396072582364978], [-78.63967694126345, -1.6396326442675073], [-78.63959642913834, -1.639627918664755], [-78.63951823738562, -1.6396069906598034], [-78.63934802301269, -1.6395882684474101], [-78.63922610235721, -1.6395834936812046], [-78.63904435579867, -1.6395902229930623], [-78.63884877113244, -1.639627031127887], [-78.63877282290524, -1.639654721203186], [-78.6387222088568, -1.639656976127305], [-78.63867920092802, -1.6395845420249995], [-78.6385501466639, -1.6393671890818056], [-78.63843076700807, -1.6390431470125846], [-78.63839629700463, -1.6390106958130632], [-78.63830889802817, -1.6389943869238652], [-78.63811115146389, -1.6389131255807907], [-78.63793867484996, -1.6388619903958812], [-78.63791552996473, -1.6388558621512535], [-78.6379150495381, -1.6388557350277102], [-78.63805185732305, -1.639165270282103], [-78.63865471180164, -1.6405292609687756], [-78.6393336980009, -1.6419777623356413], [-78.63994629386904, -1.643249925094322], [-78.64099790589232, -1.6454411189564502], [-78.641284606554, -1.646038503397337], [-78.64150371571951, -1.646529411299534], [-78.64182368094953, -1.6472462859920374], [-78.64182402408586, -1.6472470547615228], [-78.64214261488445, -1.6480929349817728], [-78.64285298764786, -1.6498649644656922], [-78.64323974376356, -1.6509771308670302], [-78.64348838349558, -1.6517523446425397], [-78.64372317826484, -1.6521759596808834], [-78.6442284103716, -1.6530304064551387], [-78.64453441655046, -1.6535294443593422], [-78.64479394738214, -1.6541396441945173], [-78.64497499045719, -1.654796387308506], [-78.64514936964598, -1.655546166787451], [-78.64515943949854, -1.6555894638513116], [-78.64520071065542, -1.6557869552494149], [-78.6453154210458, -1.6563358678267504], [-78.64546078366071, -1.6570176824320726], [-78.64558157665269, -1.657372997661671], [-78.64570960953489, -1.6576350441728305], [-78.64657103957317, -1.6587518143725248], [-78.64708723385868, -1.6593802603406784], [-78.64795939295072, -1.6604683434010388], [-78.64816472093811, -1.6607494607603188], [-78.64825837666862, -1.6608776872742965], [-78.64879197287362, -1.6618649136094856], [-78.64875569081345, -1.6619758608322448], [-78.6490433134845, -1.6624455822691522], [-78.649218578903, -1.6624607401883587], [-78.64945561595128, -1.662494309828333], [-78.64944737279933, -1.6624309188893314], [-78.64972724610922, -1.6609125057923746], [-78.64986388135898, -1.6599296691610756], [-78.64993364869197, -1.6594681486835703], [-78.64994275569373, -1.659303727627074], [-78.64993711358835, -1.659049599929129], [-78.64986090385631, -1.6581735382391964], [-78.64988205026634, -1.6578775865558955], [-78.64993298940348, -1.6575099196124061], [-78.65025131154772, -1.654619295445448], [-78.65050697268713, -1.6536305077752935], [-78.65051096216811, -1.6536150783258436], [-78.65079410501411, -1.6525869528121642], [-78.65082126117163, -1.652488344166788], [-78.65099705886288, -1.6518086374232772], [-78.65110378852513, -1.6513959711760016], [-78.65105158787013, -1.6511538322671633], [-78.65100414973139, -1.651072457431691], [-78.65059138186432, -1.6504070644745907], [-78.65052070781456, -1.6503386664106836], [-78.65005658816209, -1.649889488587424], [-78.65001670471234, -1.6498508891165293], [-78.64996121426569, -1.649774967410982], [-78.64973408398868, -1.6494642100495736], [-78.64964969454611, -1.6493487501030208], [-78.64945999927355, -1.6491200001880197], [-78.64944000060277, -1.648999999394051], [-78.6494999986851, -1.648870000083462], [-78.64975999958966, -1.6486099996521335], [-78.65007999916614, -1.6484199988350818], [-78.65023239188541, -1.6482969955279705], [-78.65027069470605, -1.6480626498033464], [-78.65039524111016, -1.6479223224243493], [-78.65023318639933, -1.6478110062755527], [-78.65012806643897, -1.647701496962563], [-78.65000582053071, -1.6474825792319698], [-78.64980415915582, -1.6473035023470681], [-78.64970864122736, -1.6472267386438868], [-78.64954182073745, -1.6470078186972041], [-78.64945088258287, -1.6469384620674543], [-78.649331912886, -1.646868869676539], [-78.64918702933915, -1.6468270251721888], [-78.64907850665098, -1.6468141776283898], [-78.64890756092998, -1.646790231284932], [-78.64878166243822, -1.6467432025134918], [-78.64869027437939, -1.6466944791211526], [-78.64859719444568, -1.64661623406266], [-78.648549769711, -1.6465494999864334], [-78.6485317955842, -1.6464755185947064], [-78.64851113905765, -1.646433823405263], [-78.64846397032301, -1.6463969799205984], [-78.64833766152786, -1.646349057573695], [-78.64827661446925, -1.6463258943856809], [-78.6481662722509, -1.6462545748718356], [-78.64811112138355, -1.6462024215250666], [-78.64806113012762, -1.6461641645236555], [-78.64800248125009, -1.6461519402691271], [-78.64781614620004, -1.6461465104073627], [-78.64774197779833, -1.646127323516519], [-78.64766093144709, -1.6460872922345007], [-78.64757470310258, -1.6460524634035452], [-78.64746642690922, -1.6460072779643942], [-78.6474039528059, -1.645998437193865], [-78.64735736798698, -1.6459983818709474], [-78.64731422214584, -1.6460087478359453], [-78.64727966901253, -1.646046904421938], [-78.64727618930972, -1.6460712095104186], [-78.64723817455956, -1.6461197791859465], [-78.64719329611204, -1.646135353495626], [-78.64715534652771, -1.6461283624122736], [-78.64713295312724, -1.6460970823953236], [-78.64711419488081, -1.6460636679339489], [-78.64707591857491, -1.6460334881526382], [-78.64694866130132, -1.6460024686698114], [-78.64681221710732, -1.645938700563241], [-78.64674326335935, -1.645886529038839], [-78.64669330679943, -1.6458187551858434], [-78.64663820897351, -1.645721458323762], [-78.6466003399707, -1.6456450163295815], [-78.64655900438392, -1.645582461327158]]]]}}, {"type": "Feature", "properties": {"id": 13, "No": 13, "Nombre": "PLATAFORMA M", "Area": 175.5011}, "geometry": {"type": "MultiPolygon", "coordinates": [[[[-78.64214261488445, -1.6480929349817728], [-78.64182402408586, -1.6472470547615228], [-78.64182368094953, -1.6472462859920374], [-78.6411227589631, -1.6476278394010258], [-78.64000290208575, -1.6480922152649151], [-78.63902443939882, -1.6488761084719152], [-78.63892650478283, -1.6489545133278944], [-78.63774089467208, -1.6494306014090665], [-78.63749044407675, -1.6495259518833354], [-78.63722256027549, -1.6495767121603377], [-78.63725048348093, -1.6497522692758742], [-78.63728704450715, -1.6498867313696126], [-78.63733467723793, -1.6500094002047512], [-78.6374595020672, -1.6502435172431786], [-78.63754838504738, -1.6504266491801727], [-78.63757831677893, -1.650507848018347], [-78.63762136728876, -1.6506655892326108], [-78.63766267283897, -1.650947722879519], [-78.63769707571804, -1.6512133484656781], [-78.6377110126516, -1.6514093977747428], [-78.63774906733475, -1.6515234107442731], [-78.6377589096285, -1.651623123806579], [-78.63774837457217, -1.6516969124803618], [-78.63773195996819, -1.6518538250745076], [-78.63769476484332, -1.6520287565611558], [-78.63764824088646, -1.6521605276728517], [-78.63759480800334, -1.6522849133599378], [-78.63756859766872, -1.6523566611149343], [-78.63754014229778, -1.652490151452681], [-78.63753302336127, -1.6525935494939974], [-78.63753973390698, -1.6528401038221892], [-78.6375597723207, -1.653576350675605], [-78.63757237692116, -1.6540395005314918], [-78.63757266832062, -1.6541652033971521], [-78.63753773114782, -1.6543909657584652], [-78.6374978844645, -1.6545123240275845], [-78.63743070948276, -1.654654877908435], [-78.6372936912783, -1.6549326441491667], [-78.63702629007146, -1.6554716185963247], [-78.63696039665147, -1.6556044356429644], [-78.63693294807914, -1.6557021152425886], [-78.63692442474142, -1.6558268348205714], [-78.63693032241333, -1.6559378714288249], [-78.63693560501093, -1.6560373231737187], [-78.63694202987517, -1.6561582821773042], [-78.63694213247098, -1.6562543731458157], [-78.63693477689816, -1.6563100856354018], [-78.63691283516576, -1.656392990429932], [-78.63688637338743, -1.6564568643493813], [-78.63676757207963, -1.6567199900573701], [-78.63654764082344, -1.6572071007036921], [-78.63614753334674, -1.6576396636443531], [-78.63570391376393, -1.658119267912349], [-78.6349322910193, -1.6574595617823258], [-78.6343407342224, -1.6569579227840108], [-78.63347236709461, -1.65838562678121], [-78.6333506650268, -1.6585637687067054], [-78.63395917120003, -1.658996199829457], [-78.63395872309816, -1.658996838381663], [-78.63395917006318, -1.658997156205653], [-78.63424716519347, -1.6591621155490301], [-78.63426713561024, -1.6591735537493018], [-78.63468448122842, -1.659412602809649], [-78.63516736751868, -1.6596605569748464], [-78.63602657807247, -1.6600360612574485], [-78.63699390124863, -1.6605966792523534], [-78.63702066956664, -1.6606121925219899], [-78.63714402673943, -1.660697053793913], [-78.63714638459683, -1.6606986765108644], [-78.6374905861826, -1.6609354638932412], [-78.63817910612995, -1.6615461783251348], [-78.63906942013837, -1.6623484727634608], [-78.6398113529547, -1.6630130664170677], [-78.64056519197135, -1.6636597358869052], [-78.64121234923796, -1.6640790650655648], [-78.6403276921069, -1.6645144870672133], [-78.64022212118371, -1.664572580777719], [-78.6405808834255, -1.6650018436262646], [-78.64022150187435, -1.6654199605739497], [-78.64058230685306, -1.6658030693654766], [-78.64062972467465, -1.665901187325898], [-78.64095503897806, -1.6661503174801904], [-78.64104890829496, -1.6661886660364131], [-78.64105763449831, -1.666192231802368], [-78.64108175793321, -1.666202086850542], [-78.6412662383015, -1.66627745303484], [-78.64143729053721, -1.666337452100585], [-78.64223873078065, -1.667280849504704], [-78.6422957141322, -1.6672359437791404], [-78.64292377740547, -1.6667248728004176], [-78.6433662687725, -1.6663714316826541], [-78.64345737631221, -1.6662660525993236], [-78.6434597321698, -1.6662633273008953], [-78.64358522854879, -1.6661181731079633], [-78.64453206258703, -1.6653635293170659], [-78.64506587249824, -1.6648944750885788], [-78.64510161406552, -1.6648630694409208], [-78.64568690100197, -1.6643471612040606], [-78.64692091196717, -1.6633466182065657], [-78.64692309511123, -1.663344848167366], [-78.6474574322722, -1.6640188960999767], [-78.64800944842621, -1.6635346098313921], [-78.64846714540866, -1.6641136360363447], [-78.64934633416254, -1.6633353322030133], [-78.64928100868103, -1.6629756953272266], [-78.64919222532941, -1.6626849942610997], [-78.6490433134845, -1.6624455822691522], [-78.64875569081345, -1.6619758608322448], [-78.64879197287362, -1.6618649136094856], [-78.64825837666862, -1.6608776872742965], [-78.64816472093811, -1.6607494607603188], [-78.64795939295072, -1.6604683434010388], [-78.64708723385868, -1.6593802603406784], [-78.64657103957317, -1.6587518143725248], [-78.64570960953489, -1.6576350441728305], [-78.64558157665269, -1.657372997661671], [-78.64546078366071, -1.6570176824320726], [-78.6453154210458, -1.6563358678267504], [-78.64520071065542, -1.6557869552494149], [-78.64515943949854, -1.6555894638513116], [-78.64514936964598, -1.655546166787451], [-78.64497499045719, -1.654796387308506], [-78.64479394738214, -1.6541396441945173], [-78.64453441655046, -1.6535294443593422], [-78.6442284103716, -1.6530304064551387], [-78.64372317826484, -1.6521759596808834], [-78.64348838349558, -1.6517523446425397], [-78.64323974376356, -1.6509771308670302], [-78.64285298764786, -1.6498649644656922], [-78.64214261488445, -1.6480929349817728]]]]}}, {"type": "Feature", "properties": {"id": 17, "No": 17, "Nombre": "PLATAFORMA N", "Area": 106.2064}, "geometry": {"type": "MultiPolygon", "coordinates": [[[[-78.6732697585626, -1.6905450329378031], [-78.67310050301604, -1.6908238230883077], [-78.67287255395108, -1.6911289907823839], [-78.67299590325665, -1.6914799817699309], [-78.67312574820049, -1.6919757041375858], [-78.67339945462307, -1.692377842847353], [-78.67352698824972, -1.6925789014440156], [-78.6734602035242, -1.692777047822554], [-78.67324689718724, -1.693068771026274], [-78.67316404896809, -1.6933419024341823], [-78.67330741163295, -1.693663522427508], [-78.67359748869784, -1.6937308402481277], [-78.67391925491741, -1.693750034400493], [-78.67424395274135, -1.6944330015074982], [-78.67429321790446, -1.6947902258817031], [-78.67436164503171, -1.6951685676900772], [-78.67438537295486, -1.695361463863373], [-78.67434588668081, -1.695440921582541], [-78.67436952305874, -1.6955509710941643], [-78.67441688238739, -1.695699318155864], [-78.67450709277608, -1.6957903146619506], [-78.67463070444089, -1.695776113547545], [-78.67482093494309, -1.6957045905753898], [-78.67498744818481, -1.695589987085973], [-78.67528713803561, -1.6954133582743094], [-78.67532056207652, -1.695289026156976], [-78.67539195191944, -1.695217359403835], [-78.67554421658619, -1.6950931708690136], [-78.67583920951779, -1.6948687004494165], [-78.67576161650281, -1.6947425563833411], [-78.67582615457874, -1.6946771015424604], [-78.67600789926794, -1.6942743133708682], [-78.67627262582049, -1.694185393419981], [-78.67633432196638, -1.6942522210919302], [-78.67637224882823, -1.6943383705773112], [-78.67651491432079, -1.6942907071228217], [-78.67663869620473, -1.6941329997428871], [-78.6766920013916, -1.6939509129137706], [-78.67690196917073, -1.6937570112126572], [-78.67695246014078, -1.6937103835736256], [-78.67730632256423, -1.6937030724665219], [-78.67730669088564, -1.6937030647750708], [-78.67815978441381, -1.6936854374740324], [-78.67816700407413, -1.6932812066570344], [-78.67803900993319, -1.6927199565845201], [-78.67815593252038, -1.6925202643572652], [-78.67821328849692, -1.6921376113008866], [-78.67894631699842, -1.6913845264633758], [-78.67906413344936, -1.6909570751517613], [-78.67912382417072, -1.6909979841790301], [-78.67917126398487, -1.6910793612946278], [-78.67933260867456, -1.691313950578208], [-78.67943718288622, -1.691318859391671], [-78.67947527975826, -1.6912615026513491], [-78.67952298678982, -1.6911180535802286], [-78.67966102989581, -1.6909603616408924], [-78.67982088737493, -1.6907501359070436], [-78.68034525181419, -1.6902351246999117], [-78.68035316533795, -1.6900034291794541], [-78.68067964609804, -1.6898326668469614], [-78.68065120954927, -1.6897608784631906], [-78.6803719126957, -1.6894545216634629], [-78.68036300862443, -1.6894029634009153], [-78.68046174574937, -1.6891866235018793], [-78.6807708676558, -1.6890721896064342], [-78.68089931269132, -1.688991022876747], [-78.68088991833842, -1.688895340807464], [-78.6806332740999, -1.6888519805506363], [-78.68034814137773, -1.688779884736597], [-78.68023929900899, -1.6886866225141421], [-78.68009163824192, -1.6886169355231342], [-78.67995869655931, -1.6884828360778394], [-78.67973081734839, -1.6882338164863682], [-78.67981656393144, -1.6880808461659433], [-78.67961240232587, -1.6878749079866602], [-78.67981706883701, -1.687655109252253], [-78.67999289488912, -1.687480603986891], [-78.67998974833229, -1.6874652280598974], [-78.6797509836824, -1.6872627784540721], [-78.67938535788296, -1.6869227068685047], [-78.67979158092874, -1.686527355147371], [-78.67986130290552, -1.6864305712283207], [-78.67968100620683, -1.686143340959905], [-78.67963379854454, -1.6858658381093], [-78.67958263895588, -1.6856885916342956], [-78.68016295202509, -1.6851728574760843], [-78.6800577707649, -1.6851057601475685], [-78.67973941488074, -1.6849905732463328], [-78.67975847400501, -1.6849523279931324], [-78.67977769259188, -1.6847801423048636], [-78.6798586799857, -1.6846319490061565], [-78.67982543843542, -1.6846032078567081], [-78.67992070269783, -1.684440680997246], [-78.68003052209846, -1.6843345942586179], [-78.67999834097459, -1.684130893015302], [-78.6801182379628, -1.6838628380576972], [-78.68073787605738, -1.6832571108716001], [-78.68111890695657, -1.6826297237787502], [-78.68034965668518, -1.6824255020420922], [-78.68020154419871, -1.6826119538236801], [-78.67992435687337, -1.6830337499953332], [-78.6796117478721, -1.6833544234209346], [-78.67926526640878, -1.6833458653296876], [-78.67907590781581, -1.683301181750149], [-78.67899031476291, -1.6833249975443179], [-78.67900120483873, -1.6834732493585391], [-78.67873478470584, -1.6836989506772955], [-78.67841227625607, -1.6838692087956901], [-78.67765147234681, -1.6840262158868546], [-78.67745154045173, -1.6840553580438267], [-78.6772654585723, -1.6838094358397198], [-78.67698587202648, -1.6839667205100692], [-78.67679588787513, -1.6842349536264174], [-78.6765847874267, -1.6844307284190005], [-78.67641488714834, -1.6844865059238632], [-78.67622201555275, -1.6848146806841637], [-78.67611233903872, -1.6848715021831207], [-78.67584621979208, -1.6850137612693135], [-78.67563648416187, -1.6851258798454951], [-78.67550488244726, -1.685466619905648], [-78.6751770356765, -1.6853443131848285], [-78.67501149229838, -1.6852054906047536], [-78.67437497850806, -1.6848993504290046], [-78.67369617059853, -1.6849065718585734], [-78.67343268177993, -1.6848680803047122], [-78.67294762238485, -1.6847971824597547], [-78.67257258600733, -1.6845455995529923], [-78.67233710902761, -1.6844569204857287], [-78.67226368971616, -1.6844592042320004], [-78.67190186022837, -1.6844704593052764], [-78.67156260768449, -1.6843474996915924], [-78.67145422181041, -1.684286010375053], [-78.6711615873728, -1.6841199945797332], [-78.67068449531037, -1.684067187374255], [-78.67048505896811, -1.6838901522006084], [-78.670066181758, -1.6835702081268704], [-78.66963907201544, -1.6834571896133923], [-78.66951724971739, -1.6834891864676758], [-78.66938351617522, -1.683464919356038], [-78.66879932654831, -1.6833982951864217], [-78.66808666099145, -1.6830865085804494], [-78.66735407368795, -1.682901271036519], [-78.66713623134626, -1.6828461884209722], [-78.66698531531311, -1.6827863166901444], [-78.66647104503242, -1.6825822943749145], [-78.6658057738351, -1.6823901527954843], [-78.66521160802756, -1.6823655190522848], [-78.66481517343243, -1.6823835059373622], [-78.66435883210585, -1.6823829560881673], [-78.66387388426242, -1.6824541241013231], [-78.66376272284072, -1.682482973127249], [-78.66357736882102, -1.6824540487185644], [-78.66341110812611, -1.682358177785534], [-78.66323989519677, -1.682429723796988], [-78.66313901172171, -1.6824296021655327], [-78.66302123199857, -1.6824294601562586], [-78.66295217849331, -1.6823914491396366], [-78.66293879260287, -1.682412741315399], [-78.66292524201072, -1.6824342945385853], [-78.66283003977289, -1.682544798204478], [-78.66264841559597, -1.6828764345160132], [-78.66260654438122, -1.6831095803819829], [-78.66258555798812, -1.6832680078245814], [-78.66250088121878, -1.6833113412661347], [-78.66243830822793, -1.6833433629147243], [-78.6624755280659, -1.6834464437874448], [-78.66249460088218, -1.6834992657053547], [-78.66258518376343, -1.6837501372737163], [-78.66264620640672, -1.6840413488768953], [-78.66302575135644, -1.684446400146853], [-78.66322376833467, -1.6845360921806107], [-78.66333658717815, -1.6845871931499106], [-78.66372555272673, -1.6847633749882973], [-78.66415938359168, -1.6848725112591847], [-78.66421437053032, -1.6848283925681853], [-78.6643903491264, -1.6847472848675014], [-78.66447115919945, -1.6847473823793788], [-78.66463276885789, -1.684757144981108], [-78.66475158516637, -1.6847764217343097], [-78.66489419264653, -1.6847765937899168], [-78.66500823233086, -1.6848149999762947], [-78.66511274242488, -1.6848725280658252], [-78.66530288489523, -1.6848727574475075], [-78.66536202533081, -1.6848040141642249], [-78.66539332809151, -1.6847676292110196], [-78.66549805472944, -1.6846433838740769], [-78.66564070125443, -1.6846100719932542], [-78.66580301187052, -1.6846212220232124], [-78.66582474975968, -1.684586806109822], [-78.6664930269283, -1.684647858689644], [-78.66661053112594, -1.684525138217508], [-78.66689584802447, -1.6844393780891882], [-78.6671287898102, -1.6844253082902292], [-78.6674377661335, -1.6844304644087573], [-78.66764683236129, -1.6845072527521963], [-78.6678987091525, -1.684560174519445], [-78.66808406965532, -1.684584315981012], [-78.66824552040346, -1.6847280158120064], [-78.66844502875317, -1.6848478442514458], [-78.66860268009732, -1.685013108287612], [-78.66891571555513, -1.6851457725089727], [-78.66901515035124, -1.6851068407361784], [-78.6692480584222, -1.685121472723544], [-78.66960454856908, -1.6851458193459516], [-78.66979460634977, -1.6852178009711163], [-78.66988954662999, -1.6853279367933918], [-78.66993617637803, -1.6854661107906455], [-78.66999852665488, -1.6856246467108558], [-78.670183745312, -1.6857683753237203], [-78.6704117584529, -1.6859025887633274], [-78.6708061692609, -1.686017868238038], [-78.67096093211387, -1.6859708148212196], [-78.67108189406531, -1.6860038497075172], [-78.67129087005478, -1.6861571746303006], [-78.67149507514952, -1.6863248434944624], [-78.67162787419117, -1.6865785307154233], [-78.6716229391609, -1.6867315981064215], [-78.67171773738336, -1.686961322292966], [-78.67182691104664, -1.687095392748812], [-78.67193625452158, -1.6870859568026095], [-78.67211676041012, -1.6871961958739028], [-78.6721497740572, -1.6874162780711262], [-78.67216364214238, -1.6877463588822121], [-78.67240098622096, -1.6880288734289712], [-78.67263837588924, -1.6882731192836862], [-78.67287579317733, -1.688493447890617], [-78.67313237407781, -1.6885894282101326], [-78.67331292574436, -1.688661398679626], [-78.67346489238655, -1.6887859541325143], [-78.67346468178243, -1.6889629447548127], [-78.67324590808875, -1.689053568456611], [-78.67313633095081, -1.689259128394018], [-78.6731209405158, -1.689416470884043], [-78.67310264548618, -1.6896035017903606], [-78.6731971132686, -1.690110670866914], [-78.6732697585626, -1.6905450329378031]]]]}}, {"type": "Feature", "properties": {"id": 15, "No": 15, "Nombre": "PLATAFORMA P", "Area": 152.3491}, "geometry": {"type": "MultiPolygon", "coordinates": [[[[-78.64295996943387, -1.6805819334958183], [-78.64239592444643, -1.68071402341319], [-78.64150693191029, -1.6796465492071913], [-78.64128087579013, -1.6793702421596377], [-78.63994967580103, -1.680575990795401], [-78.6391645130158, -1.6812746102440261], [-78.63849238181056, -1.6818597612726334], [-78.63782320654092, -1.6824568734648038], [-78.63757919081935, -1.6826681592780928], [-78.63756751163002, -1.6826782720004954], [-78.63719568838724, -1.6830002216663533], [-78.63653243935633, -1.683609297877977], [-78.63601196745871, -1.6840750446892068], [-78.63563533855303, -1.684498514527511], [-78.63546733049337, -1.6846725328977965], [-78.63515007608996, -1.685001136696729], [-78.63421096264405, -1.6863113180516063], [-78.63316536834454, -1.6877700462508458], [-78.63311976385154, -1.6878354181235649], [-78.63217885519822, -1.6891841710548257], [-78.63193574048165, -1.6894498339334694], [-78.63200092486399, -1.6894951682076476], [-78.63201213238561, -1.6895029622303297], [-78.63203531212734, -1.6895190836388903], [-78.63219315087734, -1.6896288555675898], [-78.63221230876806, -1.6896421797509773], [-78.63251673529999, -1.6897867979169579], [-78.63269473360724, -1.689871356393365], [-78.6329125904883, -1.6899748490462978], [-78.63308276144804, -1.6900079967517587], [-78.63312432820283, -1.690016093780723], [-78.63328107019636, -1.69004662525114], [-78.63343447584165, -1.6900765072045842], [-78.63348069287142, -1.6900855102661247], [-78.63354060563583, -1.6900971805011424], [-78.63367786382247, -1.690123916787902], [-78.63420525215672, -1.6901620457727686], [-78.63422639432919, -1.690163574964314], [-78.63437453506316, -1.6901742849021433], [-78.63451048524375, -1.690184113901286], [-78.63475838237954, -1.690185196130846], [-78.63488368198982, -1.6901857438617587], [-78.63511892810027, -1.6901834641169557], [-78.63556896284996, -1.6901668976184407], [-78.6355767276047, -1.690167721592795], [-78.63567554398047, -1.690148805517468], [-78.63606629275948, -1.6900740070119065], [-78.63613033891187, -1.6900617465667653], [-78.6362274014601, -1.6900305255423762], [-78.6364311501455, -1.6899649883781553], [-78.63660746323711, -1.6899082753766168], [-78.63704343750086, -1.689698465491598], [-78.63739705411854, -1.6894687417745957], [-78.63772431040455, -1.6898482990681847], [-78.63834218637562, -1.6904862324757342], [-78.63866095326422, -1.6908389630890561], [-78.63922423828384, -1.6914845165165904], [-78.63935753693787, -1.6916476450896476], [-78.63984442681695, -1.6921920109990196], [-78.6398928191508, -1.6922461166654428], [-78.64053015226153, -1.6929586857076113], [-78.64099394453699, -1.6934772278353252], [-78.64129388315862, -1.6931310476774062], [-78.64160996848211, -1.6927604297293555], [-78.64176663196653, -1.6926191582376933], [-78.64199228428389, -1.6924552846133463], [-78.64209240708972, -1.6924090650601367], [-78.64220492795484, -1.6923571214642394], [-78.64222529657685, -1.6923477190554383], [-78.64222855473034, -1.692346214343554], [-78.64223134693327, -1.6923437454468275], [-78.6422420436305, -1.6923342896206097], [-78.64224359575434, -1.6923329166062329], [-78.64240687079639, -1.6921885669399015], [-78.64265470951494, -1.6919694542932835], [-78.64265549456888, -1.6919687601129123], [-78.64265819234807, -1.6919663751662706], [-78.64266068288353, -1.691963772113213], [-78.64266317341897, -1.6919611690601426], [-78.64268060626864, -1.6919429476871963], [-78.64277076203439, -1.6918487122710473], [-78.64340593646203, -1.69118480041238], [-78.64342959608003, -1.6911600709192094], [-78.643432085715, -1.6911574678611343], [-78.64343457624828, -1.6911548648041612], [-78.64343625323248, -1.6911527488882983], [-78.64343848891197, -1.691149927666778], [-78.6436643275692, -1.6908649517331436], [-78.64396361087204, -1.6904803862897513], [-78.64396585110967, -1.6904775081218664], [-78.64396806255814, -1.6904746660769903], [-78.64396804443578, -1.6904710719303317], [-78.64396794091658, -1.6904503965483706], [-78.64396739138778, -1.6903407208421082], [-78.64396727494182, -1.690317355274702], [-78.64396727763669, -1.6903173552779935], [-78.64396727609525, -1.6903163988918612], [-78.64433431276754, -1.6903547978596678], [-78.64442856627974, -1.690399991388174], [-78.64451626626015, -1.6904790743323905], [-78.64491576619409, -1.6911004864300418], [-78.64515819676458, -1.691442428922971], [-78.64590006543351, -1.6921123935499423], [-78.6460695929531, -1.692300028722729], [-78.64663236318619, -1.6922983830215281], [-78.64714786569998, -1.692301343855702], [-78.6472635097058, -1.6921321160628102], [-78.6474360200664, -1.6919708853542395], [-78.6475076470435, -1.69170190361125], [-78.64743116588751, -1.6910680034537127], [-78.64755615505811, -1.6908947561591674], [-78.64787103189981, -1.6909310155894035], [-78.6481564594335, -1.690751984168997], [-78.64858539186888, -1.689825713518732], [-78.64888896065568, -1.6893836140064662], [-78.64905585902822, -1.6889473266185604], [-78.64916895609335, -1.6887800440272296], [-78.64931767614551, -1.6886367207915502], [-78.64955543846312, -1.688565258497345], [-78.65012584627911, -1.688577911141506], [-78.65074959555426, -1.688704236314565], [-78.65102297307571, -1.688662713756031], [-78.65124020392057, -1.6884596838017716], [-78.65082124572876, -1.6884674318991473], [-78.65046479688642, -1.688413184693738], [-78.6500311741699, -1.6882990502916642], [-78.64998971752442, -1.6881853921176349], [-78.65002552015324, -1.6880598703713268], [-78.65008514747792, -1.68788654190298], [-78.65015083821393, -1.6876115733246193], [-78.65009169205965, -1.6873842868123794], [-78.64999724678567, -1.6868639707872393], [-78.64993810773426, -1.686630705551066], [-78.64976615102874, -1.6863315302746027], [-78.64949342000523, -1.685834915620542], [-78.64927206476277, -1.6855470217664836], [-78.64344943452251, -1.6858816596046724], [-78.64295996943387, -1.6805819334958183]]]]}}, {"type": "Feature", "properties": {"id": 11, "No": 11, "Nombre": "PLATAFORMA Q", "Area": 191.2945}, "geometry": {"type": "MultiPolygon", "coordinates": [[[[-78.64128835934156, -1.6783415937531558], [-78.63887344232913, -1.6786342592432004], [-78.63762003367826, -1.6788864821390277], [-78.63760989870958, -1.6788539574135486], [-78.63714339394504, -1.6770414591490836], [-78.6368656440855, -1.6771191451710257], [-78.63683052898888, -1.67712744956831], [-78.63664613680314, -1.6764766262828918], [-78.63639588303246, -1.6765870886119145], [-78.63639355550337, -1.676584896416389], [-78.63639235666116, -1.676583837337946], [-78.63638989240152, -1.6765818040714815], [-78.63638603676901, -1.6765789591748925], [-78.63638208375268, -1.6765764215029664], [-78.6363793620015, -1.6765748724407836], [-78.63637516053078, -1.6765727737866418], [-78.63637083656323, -1.6765709497844417], [-78.63636789324336, -1.676569892201789], [-78.636364906656, -1.676568959311678], [-78.63636188397878, -1.676568158354384], [-78.63635729128252, -1.6765672000096934], [-78.63635419994064, -1.6765667280067595], [-78.63635109227121, -1.6765663879606736], [-78.6363479736618, -1.6765661816858952], [-78.63634641070102, -1.6765661309731559], [-78.6363433187994, -1.6765661254077042], [-78.63634026267304, -1.6765662500545373], [-78.6363372153755, -1.676566503072992], [-78.6363356970579, -1.6765666784019961], [-78.63633267108928, -1.6765671230837527], [-78.6363296665255, -1.6765676961524287], [-78.63632817496773, -1.6765680288012272], [-78.6363261585999, -1.6765685361785407], [-78.6363243650181, -1.676569034787084], [-78.63632226224767, -1.6765696812676805], [-78.63631933260194, -1.6765707027865417], [-78.63631711637396, -1.6765715769246348], [-78.63631502588447, -1.6765724692945188], [-78.63631361658724, -1.6765731202336702], [-78.63631221983131, -1.6765738001144617], [-78.63631083920984, -1.6765745089412425], [-78.63630947292624, -1.676575246711862], [-78.63630764094812, -1.6765763021069011], [-78.63630547267654, -1.6765776355098028], [-78.63630417452606, -1.6765784872609026], [-78.63630227575142, -1.6765798119518336], [-78.63630034271168, -1.6765812450751112], [-78.63629907313064, -1.6765822433008182], [-78.63629660393293, -1.6765843248085401], [-78.63629540432062, -1.6765854044747661], [-78.63629367582777, -1.6765870566024996], [-78.6362919490165, -1.6765888045509718], [-78.63629042532655, -1.676590462351287], [-78.63628872520785, -1.676592423664367], [-78.6362867118018, -1.6765949540851675], [-78.63628390259811, -1.6765989099717917], [-78.63628217639653, -1.6766016468422105], [-78.63628057227517, -1.6766044561769637], [-78.63627909203277, -1.6766073361703755], [-78.63627840039086, -1.6766087997286983], [-78.63627711227338, -1.6766117703505905], [-78.63627547027201, -1.6766162031333727], [-78.63627453243869, -1.6766192139547673], [-78.63627336994027, -1.6766237991839013], [-78.6362722809451, -1.6766300116122426], [-78.63627172917542, -1.676636183111792], [-78.63627166387587, -1.676641192722984], [-78.63627200370152, -1.6766469531049917], [-78.63627260005758, -1.6766515332401692], [-78.63627407031005, -1.6766584737468082], [-78.63627585452036, -1.6766642865055152], [-78.63627810963483, -1.6766699317018794], [-78.63628082132864, -1.6766753695447136], [-78.63626340914824, -1.6766796602231124], [-78.63633281593557, -1.6769433924369637], [-78.63593803225383, -1.6770439270851971], [-78.63601815428856, -1.6773341074026247], [-78.63458453933794, -1.677705922246733], [-78.63427097874987, -1.6777872458169765], [-78.63405843246997, -1.6778423702016834], [-78.63384007786784, -1.6778990015876718], [-78.63344820723295, -1.6780006344051182], [-78.633365962144, -1.6776530502960543], [-78.63342295971644, -1.6776422813584893], [-78.63337329934961, -1.6774341429036324], [-78.63331658079105, -1.6771650074026627], [-78.63320296859511, -1.6767738266537564], [-78.63317999851573, -1.6766863769914757], [-78.63240874501723, -1.676897389482875], [-78.63193326690744, -1.6770178146719108], [-78.63177104345134, -1.676374124354354], [-78.63136750422554, -1.676695987637234], [-78.62995349779148, -1.677805881436941], [-78.62994523959154, -1.6770443395288916], [-78.63011583359939, -1.6765204079914493], [-78.63016146978894, -1.676380248927163], [-78.63024104545744, -1.6761358556040349], [-78.6306220793164, -1.675504912356451], [-78.63121110826326, -1.6749213824639195], [-78.63121705659537, -1.6749154896417273], [-78.63075475096525, -1.6743743590431872], [-78.63014963809991, -1.673584364080122], [-78.62975275857596, -1.6731455716066927], [-78.62966262875536, -1.673244839060122], [-78.62937594350521, -1.673575526008157], [-78.6289617247611, -1.6741346779390718], [-78.62894699006219, -1.6741564920855379], [-78.62864959184148, -1.674596763420369], [-78.62856124771966, -1.6747437746713978], [-78.6285578643055, -1.6747494039350972], [-78.62844291367384, -1.674940688703191], [-78.62819864819463, -1.6754483836200496], [-78.62807738760071, -1.6758727345383955], [-78.62783396271794, -1.6765629238502433], [-78.62762160488836, -1.6770872779260801], [-78.62735831077863, -1.6775965343368604], [-78.62703427339503, -1.6782646161088643], [-78.62685411194974, -1.6786473916088516], [-78.62681233406454, -1.6789002260552208], [-78.62679470044877, -1.6790069421813072], [-78.6266876260723, -1.679158722679319], [-78.62661258266111, -1.679265099247253], [-78.62645144078708, -1.6798460050573596], [-78.62604389712014, -1.680778264882596], [-78.62546803641601, -1.68183403246101], [-78.62544012050229, -1.6818399362719798], [-78.62536453036687, -1.6818559221222997], [-78.6253218883009, -1.6827228567140382], [-78.62544535603469, -1.6838052462773065], [-78.62552921916168, -1.6842457184149648], [-78.62560477025006, -1.6846425317148297], [-78.6256163059483, -1.684929548634993], [-78.62571112136354, -1.6851389376955825], [-78.626378976744, -1.6858507998001133], [-78.62690161182847, -1.6868161903871974], [-78.62630326604977, -1.6871915196908558], [-78.62497933934996, -1.6880219885092596], [-78.62460133329225, -1.6876181359064948], [-78.6235531233933, -1.6881755370691613], [-78.62439427761146, -1.6895132706552591], [-78.62514574462567, -1.6892804765942409], [-78.62577468342491, -1.690113393035101], [-78.62656610114169, -1.6911770788659461], [-78.6270294494778, -1.691771799646907], [-78.62708657327588, -1.6918451201545055], [-78.62720148278609, -1.6919926098970435], [-78.62720182181144, -1.6919930442075135], [-78.62775971517904, -1.6927091169929616], [-78.62872201507241, -1.6939442579038408], [-78.62947646914236, -1.6929455636671107], [-78.62967129316132, -1.6926876691411237], [-78.6296713156581, -1.6926876366267711], [-78.63193535264509, -1.689450389385035], [-78.63365388035487, -1.6870885154285906], [-78.63421096264405, -1.6863113180516063], [-78.63515007608996, -1.685001136696729], [-78.63546733049337, -1.6846725328977965], [-78.63563533855303, -1.684498514527511], [-78.63601196745871, -1.6840750446892068], [-78.63653243935633, -1.683609297877977], [-78.63719568838724, -1.6830002216663533], [-78.63756751163002, -1.6826782720004954], [-78.63757919081935, -1.6826681592780928], [-78.63782320654092, -1.6824568734648038], [-78.63849238181056, -1.6818597612726334], [-78.6391645130158, -1.6812746102440261], [-78.63994967580103, -1.680575990795401], [-78.64128087579013, -1.6793702421596377], [-78.64183008046167, -1.678872653069661], [-78.64140365464804, -1.6783263597622444], [-78.64128835934156, -1.6783415937531558]]]]}}, {"type": "Feature", "properties": {"id": 16, "No": 16, "Nombre": "PLATAFORMA Ñ", "Area": 196.6383}, "geometry": {"type": "MultiPolygon", "coordinates": [[[[-78.64853995957644, -1.6759802602535416], [-78.64806569389914, -1.6753831111192377], [-78.64862885912522, -1.674906840718286], [-78.64768457512882, -1.673740722197208], [-78.64720571092366, -1.6731717058971909], [-78.6466097304755, -1.6736804237713065], [-78.64614480559192, -1.6730656002406], [-78.64574728432933, -1.6734102171199412], [-78.64444565213176, -1.674538617143297], [-78.64479543909049, -1.6749553587544563], [-78.64492815804023, -1.6751134819355262], [-78.64493518078224, -1.6751218484052963], [-78.64435764018623, -1.6756300628341791], [-78.64485605125508, -1.6762190290614414], [-78.64432900193546, -1.6766620720169445], [-78.64308971352602, -1.67775129546634], [-78.6425880135505, -1.6771697320042345], [-78.64197642770452, -1.6777188661858455], [-78.64164895333136, -1.6780469125791881], [-78.64140365464804, -1.6783263597622444], [-78.64183008046167, -1.678872653069661], [-78.64128087579013, -1.6793702421596377], [-78.64150693191029, -1.6796465492071913], [-78.64239592444643, -1.68071402341319], [-78.64295996943387, -1.6805819334958183], [-78.64344943452251, -1.6858816596046724], [-78.64927206476277, -1.6855470217664836], [-78.64949342000523, -1.685834915620542], [-78.64976615102874, -1.6863315302746027], [-78.64993810773426, -1.686630705551066], [-78.64999724678567, -1.6868639707872393], [-78.65009169205965, -1.6873842868123794], [-78.65015083821393, -1.6876115733246193], [-78.65008514747792, -1.68788654190298], [-78.65002552015324, -1.6880598703713268], [-78.64998971752442, -1.6881853921176349], [-78.6500311741699, -1.6882990502916642], [-78.65046479688642, -1.688413184693738], [-78.65082124572876, -1.6884674318991473], [-78.65124020392057, -1.6884596838017716], [-78.65154050064116, -1.6881790169268278], [-78.65183179115606, -1.6880657640797716], [-78.65282430469742, -1.6878875901654473], [-78.65316925869028, -1.6876189389525618], [-78.6537048125085, -1.6869678414400489], [-78.65380011911067, -1.686770639549384], [-78.65399676849712, -1.6862985095449161], [-78.65412198507028, -1.6859339220260685], [-78.65425883545477, -1.6857786255914], [-78.65438369477118, -1.6857130038465973], [-78.65464513150069, -1.685719300546972], [-78.65482925876171, -1.6857793172494604], [-78.6549897189647, -1.6857555938503643], [-78.65516226413764, -1.6855644640539897], [-78.65539625737784, -1.6851687452577628], [-78.65592233294842, -1.6844961482662695], [-78.65612049298139, -1.6842441889110384], [-78.65651318784994, -1.683802192430426], [-78.65678663074802, -1.683706854160784], [-78.65727974505795, -1.6837612645658255], [-78.65746993634632, -1.683719639298434], [-78.65769024426714, -1.683337227130301], [-78.65810059341702, -1.6830387552132955], [-78.65842152200446, -1.6829853282985217], [-78.65879581968561, -1.6830216571555876], [-78.6591523994277, -1.6829682740704235], [-78.66013843095458, -1.6832445155430145], [-78.66068514560097, -1.6831973406430507], [-78.66086348916795, -1.6831258036927255], [-78.6613090059853, -1.6832339704680868], [-78.66150200224236, -1.6832216889359366], [-78.66167794616254, -1.6831692832325214], [-78.66201553351762, -1.683097937405728], [-78.66221512037127, -1.6831507972483333], [-78.66243830936762, -1.683342406519094], [-78.66243860035651, -1.683343213208732], [-78.66250088121878, -1.6833113412661347], [-78.66258555798812, -1.6832680078245814], [-78.66260654438122, -1.6831095803819829], [-78.66264841559597, -1.6828764345160132], [-78.66283003977289, -1.682544798204478], [-78.66292524201072, -1.6824342945385853], [-78.66293879260287, -1.682412741315399], [-78.66294921475122, -1.6823961633711775], [-78.66295217963209, -1.6823904927436613], [-78.66286446792488, -1.6823422118586768], [-78.66281955134997, -1.6822941579464012], [-78.66270780046507, -1.6821746001053295], [-78.66273861300368, -1.6821544995811475], [-78.66265184673736, -1.6820597954009289], [-78.6622123532006, -1.6811137309876436], [-78.66180819767646, -1.680362725637081], [-78.6613118270863, -1.679469329788131], [-78.66074217768728, -1.678498371160212], [-78.66046691032781, -1.6781374455334679], [-78.65992326628133, -1.677461026546184], [-78.65917071510451, -1.676631169230539], [-78.65838237557622, -1.6775306695459864], [-78.65745609765277, -1.6786001524432537], [-78.65652555270991, -1.6797527883591972], [-78.65555191644314, -1.6809340219601394], [-78.65488153742045, -1.6801221621279463], [-78.6534838437552, -1.6784467860333185], [-78.65347857444208, -1.6784406634678701], [-78.65301697941842, -1.6779043780179348], [-78.65289212728014, -1.6780099581015362], [-78.65288870844562, -1.6780128918447248], [-78.65246337467383, -1.6783778267019376], [-78.65201498307097, -1.6778403569145983], [-78.65201249940269, -1.6778289549759313], [-78.65150606547604, -1.6772160558001503], [-78.65206660301078, -1.6767549203251464], [-78.65162844328644, -1.6762209861989024], [-78.65157719076215, -1.676172868914248], [-78.65154348306068, -1.6762014765206026], [-78.65154100143216, -1.676204934787259], [-78.65153801098667, -1.6762079585388812], [-78.65151580196917, -1.6762271291239808], [-78.65107839558684, -1.676609055483105], [-78.6510124067715, -1.6766661747300031], [-78.6506076050383, -1.6761668792205782], [-78.65014196692955, -1.6755683660396432], [-78.64961064026949, -1.6760777668056226], [-78.64914489981629, -1.6754880067494649], [-78.64853995957644, -1.6759802602535416]]]]}}, {"type": "Feature", "properties": {"id": 14, "No": 14, "Nombre": "PLATAFORMA O", "Area": 223.7245}, "geometry": {"type": "MultiPolygon", "coordinates": [[[[-78.63299336808916, -1.6670996846359476], [-78.63275958943147, -1.6676159138197106], [-78.63274349464415, -1.6676514547330068], [-78.63253030537908, -1.6681442638507542], [-78.63219809942424, -1.6689068707604602], [-78.63202289146668, -1.6694050388714659], [-78.63171252599916, -1.6700246364457454], [-78.63151922916819, -1.6705861932110608], [-78.6311576182526, -1.6713020028273557], [-78.63084958758424, -1.6717811588303164], [-78.63056597230164, -1.672286255855131], [-78.63032163587589, -1.6725190206371028], [-78.62975275857596, -1.6731455716066927], [-78.63014963809991, -1.673584364080122], [-78.63075475096525, -1.6743743590431872], [-78.63121705644204, -1.6749154894622569], [-78.6306220793164, -1.675504912356451], [-78.63024104545744, -1.6761358556040349], [-78.62994523959154, -1.6770443395288916], [-78.62995349779148, -1.677805881436941], [-78.63136750422554, -1.676695987637234], [-78.63177104345134, -1.676374124354354], [-78.63193326690744, -1.6770178146719108], [-78.63240874501723, -1.676897389482875], [-78.63317999851573, -1.6766863769914757], [-78.63320296859511, -1.6767738266537564], [-78.63331658079105, -1.6771650074026627], [-78.63337329934961, -1.6774341429036324], [-78.63342295971644, -1.6776422813584893], [-78.633365962144, -1.6776530502960543], [-78.63344820723295, -1.6780006344051182], [-78.63384007786784, -1.6778990015876718], [-78.63405843246997, -1.6778423702016834], [-78.63427097874987, -1.6777872458169765], [-78.63458453933794, -1.677705922246733], [-78.63601815428856, -1.6773341074026247], [-78.63593803225383, -1.6770439270851971], [-78.63633281593557, -1.6769433924369637], [-78.63626340914824, -1.6766796602231124], [-78.63628082132864, -1.6766753695447136], [-78.63627810963483, -1.6766699317018794], [-78.63627585452036, -1.6766642865055152], [-78.63627407031005, -1.6766584737468082], [-78.63627260005758, -1.6766515332401692], [-78.63627200370152, -1.6766469531049917], [-78.63627166387587, -1.676641192722984], [-78.63627172917542, -1.676636183111792], [-78.6362722809451, -1.6766300116122426], [-78.63627336994027, -1.6766237991839013], [-78.63627453243869, -1.6766192139547673], [-78.63627547027201, -1.6766162031333727], [-78.63627711227338, -1.6766117703505905], [-78.63627840039086, -1.6766087997286983], [-78.63627909203277, -1.6766073361703755], [-78.63628057227517, -1.6766044561769637], [-78.63628217639653, -1.6766016468422105], [-78.63628390259811, -1.6765989099717917], [-78.6362867118018, -1.6765949540851675], [-78.63628872520785, -1.676592423664367], [-78.63629042532655, -1.676590462351287], [-78.6362919490165, -1.6765888045509718], [-78.63629367582777, -1.6765870566024996], [-78.63629540432062, -1.6765854044747661], [-78.63629660393293, -1.6765843248085401], [-78.63629907313064, -1.6765822433008182], [-78.63630034271168, -1.6765812450751112], [-78.63630227575142, -1.6765798119518336], [-78.63630417452606, -1.6765784872609026], [-78.63630547267654, -1.6765776355098028], [-78.63630764094812, -1.6765763021069011], [-78.63630947292624, -1.676575246711862], [-78.63631083920984, -1.6765745089412425], [-78.63631221983131, -1.6765738001144617], [-78.63631361658724, -1.6765731202336702], [-78.63631502588447, -1.6765724692945188], [-78.63631711637396, -1.6765715769246348], [-78.63631933260194, -1.6765707027865417], [-78.63632226224767, -1.6765696812676805], [-78.6363243650181, -1.676569034787084], [-78.6363261585999, -1.6765685361785407], [-78.63632817496773, -1.6765680288012272], [-78.6363296665255, -1.6765676961524287], [-78.63633267108928, -1.6765671230837527], [-78.6363356970579, -1.6765666784019961], [-78.6363372153755, -1.676566503072992], [-78.63634026267304, -1.6765662500545373], [-78.6363433187994, -1.6765661254077042], [-78.63634641070102, -1.6765661309731559], [-78.6363479736618, -1.6765661816858952], [-78.63635109227121, -1.6765663879606736], [-78.63635419994064, -1.6765667280067595], [-78.63635729128252, -1.6765672000096934], [-78.63636188397878, -1.676568158354384], [-78.636364906656, -1.676568959311678], [-78.63636789324336, -1.676569892201789], [-78.63637083656323, -1.6765709497844417], [-78.63637516053078, -1.6765727737866418], [-78.6363793620015, -1.6765748724407836], [-78.63638208375268, -1.6765764215029664], [-78.63638603676901, -1.6765789591748925], [-78.63638989240152, -1.6765818040714815], [-78.63639235666116, -1.676583837337946], [-78.63639355550337, -1.676584896416389], [-78.63639588303246, -1.6765870886119145], [-78.63664613680314, -1.6764766262828918], [-78.63683052898888, -1.67712744956831], [-78.6368656440855, -1.6771191451710257], [-78.63714339394504, -1.6770414591490836], [-78.63760989870958, -1.6788539574135486], [-78.63762003367826, -1.6788864821390277], [-78.63887344232913, -1.6786342592432004], [-78.64128835934156, -1.6783415937531558], [-78.64140365464804, -1.6783263597622444], [-78.64164895333136, -1.6780469125791881], [-78.64197642770452, -1.6777188661858455], [-78.6425880135505, -1.6771697320042345], [-78.64308971352602, -1.67775129546634], [-78.64432900193546, -1.6766620720169445], [-78.64485605125508, -1.6762190290614414], [-78.64435764018623, -1.6756300628341791], [-78.64493518078224, -1.6751218484052963], [-78.64492815804023, -1.6751134819355262], [-78.64479543909049, -1.6749553587544563], [-78.64444565213176, -1.674538617143297], [-78.644013514713, -1.6740365882543258], [-78.64514029176132, -1.6730322909620574], [-78.64420286433321, -1.6719356928494762], [-78.64309683982032, -1.6729464962670206], [-78.64259670461755, -1.6723718507573406], [-78.6426579138559, -1.6723179062689084], [-78.64285105903322, -1.672148471164683], [-78.64321075504755, -1.6718302348299654], [-78.64329419579005, -1.6717539243729864], [-78.64335504452221, -1.6717001981293056], [-78.64368901064525, -1.6714053238394722], [-78.64369290584551, -1.6714036399563978], [-78.6437643957787, -1.6713438320568847], [-78.64428630937785, -1.6708839531627317], [-78.64437849325029, -1.6707984869891792], [-78.64482619984003, -1.6704063453977123], [-78.64486714990674, -1.6703711803081487], [-78.64267361524566, -1.667790299033905], [-78.6421596230746, -1.6682108909715696], [-78.64171789543063, -1.6676897197429648], [-78.64178661688224, -1.667637138289764], [-78.64223873078065, -1.667280849504704], [-78.64143729053721, -1.666337452100585], [-78.6412662383015, -1.66627745303484], [-78.64095503897806, -1.6661503174801904], [-78.64062972467465, -1.665901187325898], [-78.64058230685306, -1.6658030693654766], [-78.64022150187435, -1.6654199605739497], [-78.6405808834255, -1.6650018436262646], [-78.64022212118371, -1.664572580777719], [-78.6403276921069, -1.6645144870672133], [-78.64121234923796, -1.6640790650655648], [-78.64056519197135, -1.6636597358869052], [-78.6398113529547, -1.6630130664170677], [-78.63906942013837, -1.6623484727634608], [-78.63817910612995, -1.6615461783251348], [-78.6374905861826, -1.6609354638932412], [-78.63702066956664, -1.6606121925219899], [-78.63699390124863, -1.6605966792523534], [-78.63602657807247, -1.6600360612574485], [-78.63516736751868, -1.6596605569748464], [-78.63468448122842, -1.659412602809649], [-78.63426713561024, -1.6591735537493018], [-78.63424716519347, -1.6591621155490301], [-78.63395917006318, -1.658997156205653], [-78.63385212552909, -1.6590759528950811], [-78.63367302686787, -1.6591272135156472], [-78.6336024861958, -1.6591474032390245], [-78.63333136414731, -1.6592977540788616], [-78.63298151208109, -1.6596991384661708], [-78.63266040126261, -1.6599140050202197], [-78.63213907691554, -1.6606093610224635], [-78.63196780899487, -1.6607311304158696], [-78.63161846063979, -1.6607091842669153], [-78.63126191348105, -1.660744629098544], [-78.63104779767926, -1.6609237481354204], [-78.63124365013404, -1.66111292921271], [-78.63264472495064, -1.6621011951097062], [-78.63301279270287, -1.6623707056456745], [-78.6336006056118, -1.662724190640638], [-78.63383226340024, -1.662784262733574], [-78.63481246044778, -1.6629468850656934], [-78.63544892075856, -1.663236392213899], [-78.63493469780325, -1.6639532834014499], [-78.6344774808763, -1.6646989422300322], [-78.63403472903875, -1.6652724166363806], [-78.63344903217909, -1.6661327203955094], [-78.63324837960462, -1.6666018816972896], [-78.63299336808916, -1.6670996846359476]]]]}}, {"type": "Feature", "properties": {"id": 18, "No": 18, "Nombre": "PLATAFORMA J", "Area": 236.2313}, "geometry": {"type": "MultiPolygon", "coordinates": [[[[-78.65745609765277, -1.6786001524432537], [-78.65838237557622, -1.6775306695459864], [-78.65917071510451, -1.676631169230539], [-78.65992326628133, -1.677461026546184], [-78.66046691032781, -1.6781374455334679], [-78.66074217768728, -1.678498371160212], [-78.6613118270863, -1.679469329788131], [-78.66180819767646, -1.680362725637081], [-78.6622123532006, -1.6811137309876436], [-78.66265184673736, -1.6820597954009289], [-78.66273901282183, -1.682155194309955], [-78.6628029447506, -1.6821134864134923], [-78.66293134157424, -1.6820705888650838], [-78.66314715421701, -1.6819796812010006], [-78.66328976020672, -1.681972494792403], [-78.66333186881947, -1.6819789384029695], [-78.66350364079108, -1.682005223988142], [-78.66366764697086, -1.6819982468491164], [-78.66372132474808, -1.68182969262216], [-78.66365788653333, -1.6812125443123613], [-78.6635506843919, -1.6809141103732896], [-78.66351219716044, -1.6808069664542313], [-78.663530227049, -1.6806347823321979], [-78.66368522135986, -1.6804041118799298], [-78.66373737326441, -1.6803264958126176], [-78.6637512347283, -1.6801605232226249], [-78.663788006528, -1.6797202474751862], [-78.66391210305258, -1.679566925660883], [-78.66402008271645, -1.6794335160112426], [-78.66404894063231, -1.6791501278380252], [-78.66400845850636, -1.6790547593367602], [-78.66391028771076, -1.678823486715682], [-78.66391615244372, -1.6787466022590425], [-78.66397185397963, -1.678016344504027], [-78.66367994991916, -1.6776464678343155], [-78.66371590753657, -1.6773882013552417], [-78.66415670469013, -1.677091448490818], [-78.6643010610568, -1.676994265439151], [-78.6643832644161, -1.6768221573294293], [-78.66448673480586, -1.676754116965156], [-78.66466121461868, -1.6769337081780253], [-78.66476461270423, -1.6769266566516745], [-78.66483239713298, -1.676887274404221], [-78.664857472977, -1.6767868510133315], [-78.66485048260847, -1.6766684507654372], [-78.6647608082474, -1.676366894918741], [-78.66475492443993, -1.6763471090250486], [-78.66465517706467, -1.6760116793707835], [-78.66469107987491, -1.6758000519292457], [-78.66462691218548, -1.6756498691584343], [-78.66453464704996, -1.6754339260485382], [-78.66460054114638, -1.6753113149139964], [-78.66467379960696, -1.675174998495705], [-78.664767446923, -1.6750007443613648], [-78.66480171737209, -1.6749369761404727], [-78.6649026695966, -1.6747491296172652], [-78.66559852469817, -1.6742010559474951], [-78.665648454502, -1.6741151582751699], [-78.66577357377511, -1.6738999050282624], [-78.66595962351991, -1.6733404561682395], [-78.66605677105161, -1.6733668445834358], [-78.66619841267052, -1.6734053199272112], [-78.66630905930414, -1.6732978231206546], [-78.66644355667782, -1.6727421820957336], [-78.66644335830635, -1.6727420516866527], [-78.6665289960611, -1.6723882618337775], [-78.66685034295192, -1.6719796560692235], [-78.66695077725092, -1.67146315650117], [-78.66730711485562, -1.6716142635839317], [-78.66761378575929, -1.67155722816194], [-78.66771943783493, -1.6713833311317738], [-78.66797099592425, -1.6709692815500135], [-78.66819215406932, -1.6708690920753564], [-78.6682207840191, -1.6707259255642415], [-78.66819972387115, -1.6704969426947243], [-78.66819979595307, -1.6704967583707917], [-78.66819972499934, -1.6704959862950204], [-78.66826409186382, -1.6703310315656104], [-78.66842823294903, -1.6702092484890048], [-78.66915545732572, -1.6702675190074878], [-78.66957295034726, -1.6700872610479578], [-78.66955471353181, -1.6700455878849714], [-78.6695507787645, -1.6700365977108378], [-78.66936463170973, -1.6696112368308236], [-78.66918172322077, -1.6689073979638331], [-78.6691636340426, -1.6683704625859521], [-78.668498996004, -1.66764257439027], [-78.66813697883596, -1.667277410402815], [-78.66810553687112, -1.6672846218558848], [-78.66797162368646, -1.6673153354943566], [-78.66777938726763, -1.667075930133833], [-78.66731193085195, -1.6664248142963065], [-78.66690857058369, -1.6658383529761716], [-78.66675445967104, -1.665705410468644], [-78.6665673713698, -1.6656364243062165], [-78.6665099257828, -1.66561812457451], [-78.66571585106662, -1.6653651703089318], [-78.66569126836629, -1.6653573388445493], [-78.66529637479317, -1.6651505787073064], [-78.66499663656388, -1.6648721795386896], [-78.66480087761775, -1.6645968947245007], [-78.66418270133389, -1.663645752675944], [-78.6628382587254, -1.6615771600176257], [-78.66288394311536, -1.6615858879902843], [-78.66302634356781, -1.6616130916206115], [-78.66314445502822, -1.6615829222379261], [-78.66381917710036, -1.6612460654935783], [-78.66402409029354, -1.6610829225535504], [-78.6646067811543, -1.6606087566754923], [-78.66481009603443, -1.6604526263627752], [-78.66455299062216, -1.6602036524563424], [-78.66438219257351, -1.6599236142048623], [-78.66433990813066, -1.659500223810848], [-78.66402014186717, -1.6585670597717836], [-78.66384263484764, -1.657928250594767], [-78.66386457294482, -1.65746188428794], [-78.66388930505097, -1.657028835215978], [-78.66378552610357, -1.6571518315509193], [-78.66371179625668, -1.6571697167032398], [-78.66375085291317, -1.6572037748701705], [-78.66301316843013, -1.658308889522313], [-78.66232744414208, -1.659309679844685], [-78.66203101647648, -1.659754192788944], [-78.66191305553066, -1.660019536598049], [-78.66136875230647, -1.660832181799906], [-78.66093342754951, -1.6615017425667393], [-78.66054222868785, -1.662087978146143], [-78.660080738773, -1.662747252129251], [-78.6596682011761, -1.6633394166737907], [-78.65936846509959, -1.6637952493245134], [-78.65877225605934, -1.6646420004752471], [-78.65864134343964, -1.6648202124925624], [-78.65830933926873, -1.6644715163069226], [-78.65654270534297, -1.6660154196266732], [-78.65606913842281, -1.665470969709172], [-78.65551499464324, -1.6659733333733744], [-78.6549342222625, -1.6664743312207213], [-78.65592788111344, -1.6676246095426979], [-78.65588817410807, -1.667659166541813], [-78.65586914026476, -1.6676704052917042], [-78.65666725815886, -1.6686115633231098], [-78.65675770504224, -1.6687193148285526], [-78.65684132103101, -1.6688189279054157], [-78.6569757675569, -1.6687809545216843], [-78.65699344492745, -1.6688077077267418], [-78.65703986014962, -1.6688690240865096], [-78.65700013873713, -1.6688921739673], [-78.656349389472, -1.6693901614735838], [-78.65535825899235, -1.6701486258978027], [-78.65534073494074, -1.6701630691559475], [-78.65573023208378, -1.6706564442065552], [-78.65522651352917, -1.6710976371773243], [-78.6552206199588, -1.6711027989520033], [-78.65574588114464, -1.6717302359655073], [-78.65623220034092, -1.671307000041749], [-78.65659957912376, -1.6717970290068105], [-78.65658428875925, -1.6718179994656157], [-78.6565826864004, -1.6718216106814072], [-78.65658050053288, -1.6718248966733287], [-78.65657779504527, -1.6718277653138753], [-78.65657464639371, -1.6718301317224074], [-78.6563832776665, -1.6720175048628492], [-78.65618806396448, -1.6721778167961663], [-78.65610490161092, -1.672258472365363], [-78.65608508446392, -1.6722756844049658], [-78.65582403818375, -1.6725024053541206], [-78.65564278939061, -1.6726596721704963], [-78.65563927081196, -1.6726641615372788], [-78.65563505951927, -1.672668000121914], [-78.6556302733173, -1.672671080494514], [-78.65553587805287, -1.6727484103496633], [-78.655521988083, -1.6727631779515646], [-78.6554461948952, -1.6728305847683258], [-78.65541527804699, -1.672857889734327], [-78.65519852093284, -1.6730486877663404], [-78.65503011782627, -1.67319000044248], [-78.65498175350164, -1.6732292401949531], [-78.65494284480218, -1.6732608085476597], [-78.65444756378693, -1.6736964644651953], [-78.65436376334672, -1.673769712840433], [-78.65418957612323, -1.6739207440294932], [-78.65388033593045, -1.6741888734767896], [-78.65379556740666, -1.6742603461253527], [-78.65358289605948, -1.6744446381279905], [-78.65332737297655, -1.6746660619432547], [-78.65326932721216, -1.6747132067759094], [-78.65323215202716, -1.6747433994663878], [-78.65309693996407, -1.6748597796552276], [-78.6527770784885, -1.67513509303526], [-78.65275870292997, -1.675150909173417], [-78.65275701807423, -1.6751528768721573], [-78.65275502727272, -1.6751545305276077], [-78.65266780919161, -1.6752288818823589], [-78.65244004595272, -1.675426260878331], [-78.65220624976646, -1.6756288682424898], [-78.65211335397021, -1.6757066034177672], [-78.65208144199892, -1.6757344403365726], [-78.65163759054455, -1.6761216077470587], [-78.65157719076215, -1.676172868914248], [-78.65162844328644, -1.6762209861989024], [-78.65206660301078, -1.6767549203251464], [-78.65150606547604, -1.6772160558001503], [-78.65201249940269, -1.6778289549759313], [-78.65201498307097, -1.6778403569145983], [-78.65246337467383, -1.6783778267019376], [-78.65289212728014, -1.6780099581015362], [-78.65301621512575, -1.6779034903093253], [-78.65347857438366, -1.6784406634000113], [-78.65347592007375, -1.6784428315765525], [-78.65450833962875, -1.679675822960478], [-78.65555191644314, -1.6809340219601394], [-78.65652555270991, -1.6797527883591972], [-78.65745609765277, -1.6786001524432537]]]]}}]}